[{"Skins": [{"Num": 0, "Id": 266000, "Name": "default"}, {"Num": 1, "Id": 266001, "Name": "Justicar Aatrox"}, {"Num": 2, "Id": 266002, "Name": "Mecha Aatrox"}, {"Num": 3, "Id": 266003, "Name": "Sea Hunter Aatrox"}], "StrId": "Aatrox", "Id": 266, "Name": "Aatrox"}, {"Skins": [{"Num": 0, "Id": 103000, "Name": "default"}, {"Num": 1, "Id": 103001, "Name": "Dynasty Ahri"}, {"Num": 2, "Id": 103002, "Name": "Midnight Ahri"}, {"Num": 3, "Id": 103003, "Name": "Foxfire Ahri"}, {"Num": 4, "Id": 103004, "Name": "Popstar Ahri"}, {"Num": 5, "Id": 103005, "Name": "Challenger Ahri"}, {"Num": 6, "Id": 103006, "Name": "Academy Ahri"}], "StrId": "Ahri", "Id": 103, "Name": "Ahri"}, {"Skins": [{"Num": 0, "Id": 84000, "Name": "default"}, {"Num": 1, "Id": 84001, "Name": "Stinger Akali"}, {"Num": 2, "Id": 84002, "Name": "Crimson Akali"}, {"Num": 3, "Id": 84003, "Name": "All-star Akali"}, {"Num": 4, "Id": 84004, "Name": "Nurse Akali"}, {"Num": 5, "Id": 84005, "Name": "Blood Moon Akali"}, {"Num": 6, "Id": 84006, "Name": "Silverfang Akali"}, {"Num": 7, "Id": 84007, "Name": "Headhunter Akali"}], "StrId": "Akali", "Id": 84, "Name": "Akali"}, {"Skins": [{"Num": 0, "Id": 12000, "Name": "default"}, {"Num": 1, "Id": 12001, "Name": "Black Alistar"}, {"Num": 2, "Id": 12002, "Name": "Golden Alistar"}, {"Num": 3, "Id": 12003, "Name": "Matador Alistar"}, {"Num": 4, "Id": 12004, "Name": "Longhorn Alistar"}, {"Num": 5, "Id": 12005, "Name": "Unchained Alistar"}, {"Num": 6, "Id": 12006, "Name": "Infernal Alistar"}, {"Num": 7, "Id": 12007, "Name": "Sweeper Alistar"}, {"Num": 8, "Id": 12008, "Name": "Marauder Alistar"}], "StrId": "Alistar", "Id": 12, "Name": "Alistar"}, {"Skins": [{"Num": 0, "Id": 32000, "Name": "default"}, {"Num": 1, "Id": 32001, "Name": "Pharaoh Amumu"}, {"Num": 2, "Id": 32002, "Name": "Vancouver Amumu"}, {"Num": 3, "Id": 32003, "Name": "Emumu"}, {"Num": 4, "Id": 32004, "Name": "Re-Gifted Amumu"}, {"Num": 5, "Id": 32005, "Name": "Almost-Prom King Amumu"}, {"Num": 6, "Id": 32006, "Name": "Little Knight Amumu"}, {"Num": 7, "Id": 32007, "Name": "Sad Robot Amumu"}, {"Num": 8, "Id": 32008, "Name": "Surprise Party Amumu"}], "StrId": "Amumu", "Id": 32, "Name": "Amumu"}, {"Skins": [{"Num": 0, "Id": 34000, "Name": "default"}, {"Num": 1, "Id": 34001, "Name": "Team Spirit Anivia"}, {"Num": 2, "Id": 34002, "Name": "Bird of Prey Anivia"}, {"Num": 3, "Id": 34003, "Name": "Noxus Hunter Anivia"}, {"Num": 4, "Id": 34004, "Name": "Hextech Anivia"}, {"Num": 5, "Id": 34005, "Name": "Blackfrost Anivia"}, {"Num": 6, "Id": 34006, "Name": "Prehistoric Anivia"}], "StrId": "Anivia", "Id": 34, "Name": "Anivia"}, {"Skins": [{"Num": 0, "Id": 1000, "Name": "default"}, {"Num": 1, "Id": 1001, "Name": "Goth Annie"}, {"Num": 2, "Id": 1002, "Name": "Red Riding Annie"}, {"Num": 3, "Id": 1003, "Name": "Annie in Wonderland"}, {"Num": 4, "Id": 1004, "Name": "Prom Queen Annie"}, {"Num": 5, "Id": 1005, "Name": "Frostfire Annie"}, {"Num": 6, "Id": 1006, "Name": "Reverse Annie"}, {"Num": 7, "Id": 1007, "Name": "FrankenTibbers Annie"}, {"Num": 8, "Id": 1008, "Name": "Panda Annie"}, {"Num": 9, "Id": 1009, "Name": "Sweetheart Annie"}], "StrId": "Annie", "Id": 1, "Name": "Annie"}, {"Skins": [{"Num": 0, "Id": 22000, "Name": "default"}, {"Num": 1, "Id": 22001, "Name": "Freljord Ashe"}, {"Num": 2, "Id": 22002, "Name": "Sherwood Forest Ashe"}, {"Num": 3, "Id": 22003, "Name": "Woad Ashe"}, {"Num": 4, "Id": 22004, "Name": "Queen Ashe"}, {"Num": 5, "Id": 22005, "Name": "Amethyst Ashe"}, {"Num": 6, "Id": 22006, "Name": "Heartseeker Ashe"}, {"Num": 7, "Id": 22007, "Name": "Marauder Ashe"}], "StrId": "Ashe", "Id": 22, "Name": "Ashe"}, {"Skins": [{"Num": 0, "Id": 268000, "Name": "default"}, {"Num": 1, "Id": 268001, "Name": "Galactic Azir"}, {"Num": 2, "Id": 268002, "Name": "Gravelord Azir"}], "StrId": "Azir", "Id": 268, "Name": "Azir"}, {"Skins": [{"Num": 0, "Id": 432000, "Name": "default"}, {"Num": 1, "Id": 432001, "Name": "Elderwood Bard"}, {"Num": 5, "Id": 432005, "Name": "Snow Day Bard"}], "StrId": "Bard", "Id": 432, "Name": "Bard"}, {"Skins": [{"Num": 0, "Id": 53000, "Name": "default"}, {"Num": 1, "Id": 53001, "Name": "Rusty Blitzcrank"}, {"Num": 2, "Id": 53002, "Name": "Goalkeeper Blitzcrank"}, {"Num": 3, "Id": 53003, "Name": "Boom Boom Blitzcrank"}, {"Num": 4, "Id": 53004, "Name": "Piltover Customs Blitzcrank"}, {"Num": 5, "Id": 53005, "Name": "Definitely Not Blitzcrank"}, {"Num": 6, "Id": 53006, "Name": "iBlitzcrank"}, {"Num": 7, "Id": 53007, "Name": "Riot Blitzcrank"}, {"Num": 11, "Id": 53011, "Name": "Battle Boss Blitzcrank"}], "StrId": "Blitzcrank", "Id": 53, "Name": "Blitzcrank"}, {"Skins": [{"Num": 0, "Id": 63000, "Name": "default"}, {"Num": 1, "Id": 63001, "Name": "Apocalyptic Brand"}, {"Num": 2, "Id": 63002, "Name": "Vandal Brand"}, {"Num": 3, "Id": 63003, "Name": "Cryocore Brand"}, {"Num": 4, "Id": 63004, "Name": "Zombie Brand"}, {"Num": 5, "Id": 63005, "Name": "Spirit Fire Brand"}], "StrId": "Brand", "Id": 63, "Name": "Brand"}, {"Skins": [{"Num": 0, "Id": 201000, "Name": "default"}, {"Num": 1, "Id": 201001, "Name": "Dragonslayer Braum"}, {"Num": 2, "Id": 201002, "Name": "El Tigre Braum"}, {"Num": 3, "Id": 201003, "Name": "Braum Lionheart"}], "StrId": "Braum", "Id": 201, "Name": "Braum"}, {"Skins": [{"Num": 0, "Id": 51000, "Name": "default"}, {"Num": 1, "Id": 51001, "Name": "Resistance Caitlyn"}, {"Num": 2, "Id": 51002, "Name": "Sheriff Caitlyn"}, {"Num": 3, "Id": 51003, "Name": "Safari Caitlyn"}, {"Num": 4, "Id": 51004, "Name": "Arctic Warfare Caitlyn"}, {"Num": 5, "Id": 51005, "Name": "Officer Caitlyn"}, {"Num": 6, "Id": 51006, "Name": "Headhunter Caitlyn"}], "StrId": "Caitlyn", "Id": 51, "Name": "Caitlyn"}, {"Skins": [{"Num": 0, "Id": 69000, "Name": "default"}, {"Num": 1, "Id": 69001, "Name": "Desperada Cassiopeia"}, {"Num": 2, "Id": 69002, "Name": "Siren Cassiopeia"}, {"Num": 3, "Id": 69003, "Name": "Mythic Cassiopeia"}, {"Num": 4, "Id": 69004, "Name": "Jade Fang Cassiopeia"}], "StrId": "Cassiopeia", "Id": 69, "Name": "Cassiopeia"}, {"Skins": [{"Num": 0, "Id": 31000, "Name": "default"}, {"Num": 1, "Id": 31001, "Name": "Nightmare Cho'Gath"}, {"Num": 2, "Id": 31002, "Name": "Gentleman Cho'Gath"}, {"Num": 3, "Id": 31003, "Name": "Loch Ness Cho'Gath"}, {"Num": 4, "Id": 31004, "Name": "Jurassic Cho'Gath"}, {"Num": 5, "Id": 31005, "Name": "Battlecast Prime Cho'Gath"}, {"Num": 6, "Id": 31006, "Name": "Prehistoric Cho'Gath"}], "StrId": "Chogath", "Id": 31, "Name": "Cho'Gath"}, {"Skins": [{"Num": 0, "Id": 42000, "Name": "default"}, {"Num": 1, "Id": 42001, "Name": "UFO Corki"}, {"Num": 2, "Id": 42002, "Name": "Ice Toboggan Corki"}, {"Num": 3, "Id": 42003, "Name": "Red Baron Corki"}, {"Num": 4, "Id": 42004, "Name": "Hot Rod Corki"}, {"Num": 5, "Id": 42005, "Name": "Urfrider Corki"}, {"Num": 6, "Id": 42006, "Name": "Dragonwing Corki"}, {"Num": 7, "Id": 42007, "Name": "Fnatic Corki"}], "StrId": "Corki", "Id": 42, "Name": "Corki"}, {"Skins": [{"Num": 0, "Id": 122000, "Name": "default"}, {"Num": 1, "Id": 122001, "Name": "Lord Darius"}, {"Num": 2, "Id": 122002, "Name": "Bioforge Darius"}, {"Num": 3, "Id": 122003, "Name": "Woad King Darius"}, {"Num": 4, "Id": 122004, "Name": "Dunkmaster Darius"}, {"Num": 8, "Id": 122008, "Name": "Academy Darius"}], "StrId": "Darius", "Id": 122, "Name": "Darius"}, {"Skins": [{"Num": 0, "Id": 131000, "Name": "default"}, {"Num": 1, "Id": 131001, "Name": "Dark Valkyrie Diana"}, {"Num": 2, "Id": 131002, "Name": "Lunar Goddess Diana"}], "StrId": "Diana", "Id": 131, "Name": "Diana"}, {"Skins": [{"Num": 0, "Id": 36000, "Name": "default"}, {"Num": 1, "Id": 36001, "Name": "Toxic Dr. Mundo"}, {"Num": 2, "Id": 36002, "Name": "Mr. Mundoverse"}, {"Num": 3, "Id": 36003, "Name": "Corporate Mundo"}, {"Num": 4, "Id": 36004, "Name": "Mundo Mundo"}, {"Num": 5, "Id": 36005, "Name": "Executioner Mundo"}, {"Num": 6, "Id": 36006, "Name": "Rageborn Mundo"}, {"Num": 7, "Id": 36007, "Name": "TPA Mundo"}, {"Num": 8, "Id": 36008, "Name": "Pool Party Mundo"}], "StrId": "DrMundo", "Id": 36, "Name": "Dr. Mundo"}, {"Skins": [{"Num": 0, "Id": 119000, "Name": "default"}, {"Num": 1, "Id": 119001, "Name": "Soul Reaver Draven"}, {"Num": 2, "Id": 119002, "Name": "Gladiator Draven"}, {"Num": 3, "Id": 119003, "Name": "Primetime Draven"}, {"Num": 4, "Id": 119004, "Name": "Pool Party Draven"}], "StrId": "Draven", "Id": 119, "Name": "Draven"}, {"Skins": [{"Num": 0, "Id": 245000, "Name": "default"}, {"Num": 1, "Id": 245001, "Name": "Sandstorm Ekko"}, {"Num": 2, "Id": 245002, "Name": "Academy Ekko"}], "StrId": "Ekko", "Id": 245, "Name": "Ekko"}, {"Skins": [{"Num": 0, "Id": 60000, "Name": "default"}, {"Num": 1, "Id": 60001, "Name": "Death Blossom Elise"}, {"Num": 2, "Id": 60002, "Name": "Victorious Elise"}, {"Num": 3, "Id": 60003, "Name": "Blood Moon Elise"}], "StrId": "Elise", "Id": 60, "Name": "Elise"}, {"Skins": [{"Num": 0, "Id": 28000, "Name": "default"}, {"Num": 1, "Id": 28001, "Name": "Shadow Evelynn"}, {"Num": 2, "Id": 28002, "Name": "Masquerade Evelynn"}, {"Num": 3, "Id": 28003, "Name": "Tango Evelynn"}, {"Num": 4, "Id": 28004, "Name": "Safecracker Evelynn"}], "StrId": "Evelynn", "Id": 28, "Name": "Evelynn"}, {"Skins": [{"Num": 0, "Id": 81000, "Name": "default"}, {"Num": 1, "Id": 81001, "Name": "Nottingham Ezreal"}, {"Num": 2, "Id": 81002, "Name": "Striker Ezreal"}, {"Num": 3, "Id": 81003, "Name": "Frosted Ezreal"}, {"Num": 4, "Id": 81004, "Name": "Explorer Ezreal"}, {"Num": 5, "Id": 81005, "Name": "Pulsefire Ezreal"}, {"Num": 6, "Id": 81006, "Name": "TPA Ezreal"}, {"Num": 7, "Id": 81007, "Name": "Debonair Ezreal"}, {"Num": 8, "Id": 81008, "Name": "Ace of Spades Ezreal"}], "StrId": "Ezreal", "Id": 81, "Name": "Ezreal"}, {"Skins": [{"Num": 0, "Id": 9000, "Name": "default"}, {"Num": 1, "Id": 9001, "Name": "Spectral Fiddlesticks"}, {"Num": 2, "Id": 9002, "Name": "Union Jack Fiddlesticks"}, {"Num": 3, "Id": 9003, "Name": "Bandito Fiddlesticks"}, {"Num": 4, "Id": 9004, "Name": "Pumpkinhead Fiddlesticks"}, {"Num": 5, "Id": 9005, "Name": "Fiddle Me Timbers"}, {"Num": 6, "Id": 9006, "Name": "Surprise Party Fiddlesticks"}, {"Num": 7, "Id": 9007, "Name": "Dark Candy Fiddlesticks"}, {"Num": 8, "Id": 9008, "Name": "Risen Fiddlesticks"}], "StrId": "FiddleSticks", "Id": 9, "Name": "Fiddlesticks"}, {"Skins": [{"Num": 0, "Id": 114000, "Name": "default"}, {"Num": 1, "Id": 114001, "Name": "Royal Guard Fiora"}, {"Num": 2, "Id": 114002, "Name": "Nightraven Fiora"}, {"Num": 3, "Id": 114003, "Name": "Headmistress Fiora"}, {"Num": 4, "Id": 114004, "Name": "PROJECT: Fiora"}], "StrId": "Fiora", "Id": 114, "Name": "Fiora"}, {"Skins": [{"Num": 0, "Id": 105000, "Name": "default"}, {"Num": 1, "Id": 105001, "Name": "Atlantean Fizz"}, {"Num": 2, "Id": 105002, "Name": "Tundra Fizz"}, {"Num": 3, "Id": 105003, "Name": "Fisherman Fizz"}, {"Num": 4, "Id": 105004, "Name": "Void Fizz"}, {"Num": 8, "Id": 105008, "Name": "Cottontail Fizz"}], "StrId": "Fizz", "Id": 105, "Name": "Fizz"}, {"Skins": [{"Num": 0, "Id": 3000, "Name": "default"}, {"Num": 1, "Id": 3001, "Name": "Enchanted Galio"}, {"Num": 2, "Id": 3002, "Name": "Hextech Galio"}, {"Num": 3, "Id": 3003, "Name": "Commando Galio"}, {"Num": 4, "Id": 3004, "Name": "Gatekeeper Galio"}, {"Num": 5, "Id": 3005, "Name": "Debonair Galio"}], "StrId": "Galio", "Id": 3, "Name": "Galio"}, {"Skins": [{"Num": 0, "Id": 41000, "Name": "default"}, {"Num": 1, "Id": 41001, "Name": "Spooky Gangplank"}, {"Num": 2, "Id": 41002, "Name": "Minuteman Gangplank"}, {"Num": 3, "Id": 41003, "Name": "Sailor Gangplank"}, {"Num": 4, "Id": 41004, "Name": "Toy Soldier Gangplank"}, {"Num": 5, "Id": 41005, "Name": "Special Forces Gangplank"}, {"Num": 6, "Id": 41006, "Name": "Sultan Gangplank"}, {"Num": 7, "Id": 41007, "Name": "Captain Gangplank"}], "StrId": "Gangplank", "Id": 41, "Name": "Gangplank"}, {"Skins": [{"Num": 0, "Id": 86000, "Name": "default"}, {"Num": 1, "Id": 86001, "Name": "Sanguine Garen"}, {"Num": 2, "Id": 86002, "Name": "Desert Trooper Garen"}, {"Num": 3, "Id": 86003, "Name": "Commando Garen"}, {"Num": 4, "Id": 86004, "Name": "Dreadknight Garen"}, {"Num": 5, "Id": 86005, "Name": "Rugged Garen"}, {"Num": 6, "Id": 86006, "Name": "Steel Legion Garen"}, {"Num": 10, "Id": 86010, "Name": "Rogue Admiral Garen"}], "StrId": "Garen", "Id": 86, "Name": "Garen"}, {"Skins": [{"Num": 0, "Id": 150000, "Name": "default"}, {"Num": 1, "Id": 150001, "Name": "Dino Gnar"}, {"Num": 2, "Id": 150002, "Name": "Gentleman Gnar"}, {"Num": 3, "Id": 150003, "Name": "Snow Day Gnar"}], "StrId": "Gnar", "Id": 150, "Name": "Gnar"}, {"Skins": [{"Num": 0, "Id": 79000, "Name": "default"}, {"Num": 1, "Id": 79001, "Name": "Scuba Gragas"}, {"Num": 2, "Id": 79002, "Name": "Hillbilly Gragas"}, {"Num": 3, "Id": 79003, "Name": "Santa Gragas"}, {"Num": 4, "Id": 79004, "Name": "Gragas, Esq."}, {"Num": 5, "Id": 79005, "Name": "Vandal Gragas"}, {"Num": 6, "Id": 79006, "Name": "Oktoberfest Gragas"}, {"Num": 7, "Id": 79007, "Name": "Superfan Gragas"}, {"Num": 8, "Id": 79008, "Name": "Fnatic Gragas"}, {"Num": 9, "Id": 79009, "Name": "Gragas Caskbreaker"}], "StrId": "Gragas", "Id": 79, "Name": "Gragas"}, {"Skins": [{"Num": 0, "Id": 104000, "Name": "default"}, {"Num": 1, "Id": 104001, "Name": "Hired Gun Graves"}, {"Num": 2, "Id": 104002, "Name": "Jailbreak Graves"}, {"Num": 3, "Id": 104003, "Name": "Mafia Graves"}, {"Num": 4, "Id": 104004, "Name": "Riot Graves"}, {"Num": 5, "Id": 104005, "Name": "Pool Party Graves"}, {"Num": 6, "Id": 104006, "Name": "Cutthroat Graves"}], "StrId": "Graves", "Id": 104, "Name": "Graves"}, {"Skins": [{"Num": 0, "Id": 120000, "Name": "default"}, {"Num": 1, "Id": 120001, "Name": "Blood Knight Hecarim"}, {"Num": 2, "Id": 120002, "Name": "Reaper Hecarim"}, {"Num": 3, "Id": 120003, "Name": "Headless Hecarim"}, {"Num": 4, "Id": 120004, "Name": "Arcade Hecarim"}, {"Num": 5, "Id": 120005, "Name": "Elderwood Hecarim"}], "StrId": "Hecarim", "Id": 120, "Name": "Hecarim"}, {"Skins": [{"Num": 0, "Id": 74000, "Name": "default"}, {"Num": 1, "Id": 74001, "Name": "Alien Invader Heimerdinger"}, {"Num": 2, "Id": 74002, "Name": "Blast Zone Heimerdinger"}, {"Num": 3, "Id": 74003, "Name": "Piltover Customs Heimerdinger"}, {"Num": 4, "Id": 74004, "Name": "Snowmerdinger"}, {"Num": 5, "Id": 74005, "Name": "Hazmat Heimerdinger"}], "StrId": "Heimerdinger", "Id": 74, "Name": "Heimerdinger"}, {"Skins": [{"Num": 0, "Id": 420000, "Name": "default"}, {"Num": 1, "Id": 420001, "Name": "Void Bringer Illaoi"}], "StrId": "Illaoi", "Id": 420, "Name": "Illaoi"}, {"Skins": [{"Num": 0, "Id": 39000, "Name": "default"}, {"Num": 1, "Id": 39001, "Name": "Nightblade Irelia"}, {"Num": 2, "Id": 39002, "Name": "Aviator Irelia"}, {"Num": 3, "Id": 39003, "Name": "Infiltrator Irelia"}, {"Num": 4, "Id": 39004, "Name": "Frostblade Irelia"}, {"Num": 5, "Id": 39005, "Name": "Order of the Lotus Irelia"}], "StrId": "Irelia", "Id": 39, "Name": "Irelia"}, {"Skins": [{"Num": 0, "Id": 40000, "Name": "default"}, {"Num": 1, "Id": 40001, "Name": "Tempest Janna"}, {"Num": 2, "Id": 40002, "Name": "Hextech Janna"}, {"Num": 3, "Id": 40003, "Name": "Frost Queen Janna"}, {"Num": 4, "Id": 40004, "Name": "Victorious Janna"}, {"Num": 5, "Id": 40005, "Name": "Forecast Janna"}, {"Num": 6, "Id": 40006, "Name": "Fnatic Janna"}], "StrId": "Janna", "Id": 40, "Name": "Janna"}, {"Skins": [{"Num": 0, "Id": 59000, "Name": "default"}, {"Num": 1, "Id": 59001, "Name": "Commando Jarvan IV"}, {"Num": 2, "Id": 59002, "Name": "Dragonslayer Jarvan IV"}, {"Num": 3, "Id": 59003, "Name": "Darkforge Jarvan IV"}, {"Num": 4, "Id": 59004, "Name": "Victorious Jarvan IV"}, {"Num": 5, "Id": 59005, "Name": "Warring Kingdoms Jarvan IV"}, {"Num": 6, "Id": 59006, "Name": "Fnatic Jarvan IV"}], "StrId": "JarvanIV", "Id": 59, "Name": "Jarvan IV"}, {"Skins": [{"Num": 0, "Id": 24000, "Name": "default"}, {"Num": 1, "Id": 24001, "Name": "The Mighty Jax"}, {"Num": 2, "Id": 24002, "Name": "Vandal Jax"}, {"Num": 3, "Id": 24003, "Name": "Angler Jax"}, {"Num": 4, "Id": 24004, "Name": "PAX Jax"}, {"Num": 5, "Id": 24005, "Name": "Jaximus"}, {"Num": 6, "Id": 24006, "Name": "Temple Jax"}, {"Num": 7, "Id": 24007, "Name": "Nemesis Jax"}, {"Num": 8, "Id": 24008, "Name": "SKT T1 Jax"}, {"Num": 12, "Id": 24012, "Name": "Warden Jax"}], "StrId": "Jax", "Id": 24, "Name": "Jax"}, {"Skins": [{"Num": 0, "Id": 126000, "Name": "default"}, {"Num": 1, "Id": 126001, "Name": "Full Metal Jayce"}, {"Num": 2, "Id": 126002, "Name": "Debonair Jayce"}, {"Num": 3, "Id": 126003, "Name": "Forsaken Jayce"}], "StrId": "Jayce", "Id": 126, "Name": "Jayce"}, {"Skins": [{"Num": 0, "Id": 222000, "Name": "default"}, {"Num": 1, "Id": 222001, "Name": "Mafia Jinx"}, {"Num": 2, "Id": 222002, "Name": "Firecracker Jinx"}, {"Num": 3, "Id": 222003, "Name": "Slayer Jinx"}], "StrId": "Jinx", "Id": 222, "Name": "Jinx"}, {"Skins": [{"Num": 0, "Id": 429000, "Name": "default"}, {"Num": 1, "Id": 429001, "Name": "Blood Moon Kalista"}, {"Num": 2, "Id": 429002, "Name": "Championship Kalista"}], "StrId": "Kalista", "Id": 429, "Name": "Kalista"}, {"Skins": [{"Num": 0, "Id": 43000, "Name": "default"}, {"Num": 1, "Id": 43001, "Name": "Sun Goddess Karma"}, {"Num": 2, "Id": 43002, "Name": "Sakura Karma"}, {"Num": 3, "Id": 43003, "Name": "Traditional Karma"}, {"Num": 4, "Id": 43004, "Name": "Order of the Lotus Karma"}, {"Num": 5, "Id": 43005, "Name": "Warden Karma"}], "StrId": "Karma", "Id": 43, "Name": "Karma"}, {"Skins": [{"Num": 0, "Id": 30000, "Name": "default"}, {"Num": 1, "Id": 30001, "Name": "Phantom Karthus"}, {"Num": 2, "Id": 30002, "Name": "Statue of Karthus"}, {"Num": 3, "Id": 30003, "Name": "Grim Reaper Karthus"}, {"Num": 4, "Id": 30004, "Name": "Pentakill Karthus"}, {"Num": 5, "Id": 30005, "Name": "Fnatic Karthus"}], "StrId": "Karthus", "Id": 30, "Name": "Karthus"}, {"Skins": [{"Num": 0, "Id": 38000, "Name": "default"}, {"Num": 1, "Id": 38001, "Name": "Festival Kassadin"}, {"Num": 2, "Id": 38002, "Name": "Deep One Kassadin"}, {"Num": 3, "Id": 38003, "Name": "Pre-Void Kassadin"}, {"Num": 4, "Id": 38004, "Name": "Harbinger Kassadin"}, {"Num": 5, "Id": 38005, "Name": "Cosmic Reaver Kassadin"}], "StrId": "Kassadin", "Id": 38, "Name": "Kassadin"}, {"Skins": [{"Num": 0, "Id": 55000, "Name": "default"}, {"Num": 1, "Id": 55001, "Name": "Mercenary Katarina"}, {"Num": 2, "Id": 55002, "Name": "Red Card Katarina"}, {"Num": 3, "Id": 55003, "Name": "Bilgewater Katarina"}, {"Num": 4, "Id": 55004, "Name": "Kitty Cat Katarina"}, {"Num": 5, "Id": 55005, "Name": "High Command Katarina"}, {"Num": 6, "Id": 55006, "Name": "Sandstorm Katarina"}, {"Num": 7, "Id": 55007, "Name": "Slay Belle Katarina"}, {"Num": 8, "Id": 55008, "Name": "Warring Kingdoms Katarina"}], "StrId": "Katarina", "Id": 55, "Name": "Katarina"}, {"Skins": [{"Num": 0, "Id": 10000, "Name": "default"}, {"Num": 1, "Id": 10001, "Name": "Silver Kayle"}, {"Num": 2, "Id": 10002, "Name": "Viridian Kayle"}, {"Num": 3, "Id": 10003, "Name": "Unmasked Kayle"}, {"Num": 4, "Id": 10004, "Name": "Battleborn Kayle"}, {"Num": 5, "Id": 10005, "Name": "Judgment Kayle"}, {"Num": 6, "Id": 10006, "Name": "Aether Wing Kayle"}, {"Num": 7, "Id": 10007, "Name": "Riot Kayle"}], "StrId": "Kayle", "Id": 10, "Name": "Kayle"}, {"Skins": [{"Num": 0, "Id": 85000, "Name": "default"}, {"Num": 1, "Id": 85001, "Name": "Deadly Kennen"}, {"Num": 2, "Id": 85002, "Name": "Swamp Master Kennen"}, {"Num": 3, "Id": 85003, "Name": "Karate Kennen"}, {"Num": 4, "Id": 85004, "Name": "Kennen M.D."}, {"Num": 5, "Id": 85005, "Name": "Arctic Ops Kennen"}], "StrId": "Kennen", "Id": 85, "Name": "Kennen"}, {"Skins": [{"Num": 0, "Id": 121000, "Name": "default"}, {"Num": 1, "Id": 121001, "Name": "Mecha Kha'Zix"}, {"Num": 2, "Id": 121002, "Name": "Guardian of the Sands Kha'Zix"}], "StrId": "Khazix", "Id": 121, "Name": "Kha'Zix"}, {"Skins": [{"Num": 0, "Id": 203000, "Name": "default"}, {"Num": 1, "Id": 203001, "Name": "Shadowfire Kindred"}], "StrId": "Kindred", "Id": 203, "Name": "Kindred"}, {"Skins": [{"Num": 0, "Id": 96000, "Name": "default"}, {"Num": 1, "Id": 96001, "Name": "Caterpillar Kog'Maw"}, {"Num": 2, "Id": 96002, "Name": "Sonoran Kog'Maw"}, {"Num": 3, "Id": 96003, "Name": "Monarch Kog'Maw"}, {"Num": 4, "Id": 96004, "Name": "Reindeer Kog'Maw"}, {"Num": 5, "Id": 96005, "Name": "Lion Dance Kog'Maw"}, {"Num": 6, "Id": 96006, "Name": "Deep Sea Kog'Maw"}, {"Num": 7, "Id": 96007, "Name": "Jurassic Kog'Maw"}, {"Num": 8, "Id": 96008, "Name": "Battlecast Kog'Maw"}], "StrId": "KogMaw", "Id": 96, "Name": "Kog'Maw"}, {"Skins": [{"Num": 0, "Id": 7000, "Name": "default"}, {"Num": 1, "Id": 7001, "Name": "Wicked LeBlanc"}, {"Num": 2, "Id": 7002, "Name": "Prestigious LeBlanc"}, {"Num": 3, "Id": 7003, "Name": "Mistletoe LeBlanc"}, {"Num": 4, "Id": 7004, "Name": "Ravenborn LeBlanc"}], "StrId": "Leblanc", "Id": 7, "Name": "LeBlanc"}, {"Skins": [{"Num": 0, "Id": 64000, "Name": "default"}, {"Num": 1, "Id": 64001, "Name": "Traditional Lee Sin"}, {"Num": 2, "Id": 64002, "Name": "Acolyte Lee Sin"}, {"Num": 3, "Id": 64003, "Name": "Dragon Fist Lee Sin"}, {"Num": 4, "Id": 64004, "Name": "Muay Thai Lee Sin"}, {"Num": 5, "Id": 64005, "Name": "Pool Party Lee Sin"}, {"Num": 6, "Id": 64006, "Name": "SKT T1 Lee Sin"}, {"Num": 10, "Id": 64010, "Name": "Knockout Lee Sin"}], "StrId": "LeeSin", "Id": 64, "Name": "Lee Sin"}, {"Skins": [{"Num": 0, "Id": 89000, "Name": "default"}, {"Num": 1, "Id": 89001, "Name": "Valkyrie Leona"}, {"Num": 2, "Id": 89002, "Name": "Defender Leona"}, {"Num": 3, "Id": 89003, "Name": "Iron Solari Leona"}, {"Num": 4, "Id": 89004, "Name": "Pool Party Leona"}, {"Num": 8, "Id": 89008, "Name": "PROJECT: Leona"}], "StrId": "Leona", "Id": 89, "Name": "Leona"}, {"Skins": [{"Num": 0, "Id": 127000, "Name": "default"}, {"Num": 1, "Id": 127001, "Name": "Bloodstone Lissandra"}, {"Num": 2, "Id": 127002, "Name": "Blade Queen Lissandra"}], "StrId": "Lissandra", "Id": 127, "Name": "Lissandra"}, {"Skins": [{"Num": 0, "Id": 236000, "Name": "default"}, {"Num": 1, "Id": 236001, "Name": "Hired Gun Lucian"}, {"Num": 2, "Id": 236002, "Name": "Striker Lucian"}, {"Num": 6, "Id": 236006, "Name": "PROJECT: Lucian"}], "StrId": "Lucian", "Id": 236, "Name": "Lucian"}, {"Skins": [{"Num": 0, "Id": 117000, "Name": "default"}, {"Num": 1, "Id": 117001, "Name": "Bittersweet Lulu"}, {"Num": 2, "Id": 117002, "Name": "Wicked Lulu"}, {"Num": 3, "Id": 117003, "Name": "Dragon Trainer Lulu"}, {"Num": 4, "Id": 117004, "Name": "Winter Wonder Lulu"}, {"Num": 5, "Id": 117005, "Name": "Pool Party Lulu"}], "StrId": "Lulu", "Id": 117, "Name": "Lulu"}, {"Skins": [{"Num": 0, "Id": 99000, "Name": "default"}, {"Num": 1, "Id": 99001, "Name": "Sorceress Lux"}, {"Num": 2, "Id": 99002, "Name": "Spellthief Lux"}, {"Num": 3, "Id": 99003, "Name": "Commando Lux"}, {"Num": 4, "Id": 99004, "Name": "Imperial Lux"}, {"Num": 5, "Id": 99005, "Name": "Steel Legion Lux"}, {"Num": 6, "Id": 99006, "Name": "Star Guardian Lux"}], "StrId": "Lux", "Id": 99, "Name": "Lux"}, {"Skins": [{"Num": 0, "Id": 54000, "Name": "default"}, {"Num": 1, "Id": 54001, "Name": "Shamrock Malphite"}, {"Num": 2, "Id": 54002, "Name": "Coral Reef Malphite"}, {"Num": 3, "Id": 54003, "Name": "Marble Malphite"}, {"Num": 4, "Id": 54004, "Name": "Obsidian Malphite"}, {"Num": 5, "Id": 54005, "Name": "Glacial Malphite"}, {"Num": 6, "Id": 54006, "Name": "Mecha Malphite"}, {"Num": 7, "Id": 54007, "Name": "Ironside Malphite"}], "StrId": "Malphite", "Id": 54, "Name": "Malphite"}, {"Skins": [{"Num": 0, "Id": 90000, "Name": "default"}, {"Num": 1, "Id": 90001, "Name": "Vizier Malzahar"}, {"Num": 2, "Id": 90002, "Name": "Shadow Prince Malzahar"}, {"Num": 3, "Id": 90003, "Name": "Djinn Malzahar"}, {"Num": 4, "Id": 90004, "Name": "Overlord Malzahar"}, {"Num": 5, "Id": 90005, "Name": "Snow Day Malzahar"}], "StrId": "Malzahar", "Id": 90, "Name": "Malzahar"}, {"Skins": [{"Num": 0, "Id": 57000, "Name": "default"}, {"Num": 1, "Id": 57001, "Name": "Charred Maokai"}, {"Num": 2, "Id": 57002, "Name": "Totemic Maokai"}, {"Num": 3, "Id": 57003, "Name": "Festive Maokai"}, {"Num": 4, "Id": 57004, "Name": "Haunted Maokai"}, {"Num": 5, "Id": 57005, "Name": "Goalkeeper Maokai"}], "StrId": "Maokai", "Id": 57, "Name": "Maokai"}, {"Skins": [{"Num": 0, "Id": 11000, "Name": "default"}, {"Num": 1, "Id": 11001, "Name": "Assassin Master Yi"}, {"Num": 2, "Id": 11002, "Name": "Chosen Master Yi"}, {"Num": 3, "Id": 11003, "Name": "Ionia Master Yi"}, {"Num": 4, "Id": 11004, "Name": "Samurai Yi"}, {"Num": 5, "Id": 11005, "Name": "Headhunter Master Yi"}, {"Num": 9, "Id": 11009, "Name": "PROJECT: Yi"}], "StrId": "MasterYi", "Id": 11, "Name": "Master Yi"}, {"Skins": [{"Num": 0, "Id": 21000, "Name": "default"}, {"Num": 1, "Id": 21001, "Name": "Cowgirl Miss Fortune"}, {"Num": 2, "Id": 21002, "Name": "Waterloo Miss Fortune"}, {"Num": 3, "Id": 21003, "Name": "Secret Agent Miss Fortune"}, {"Num": 4, "Id": 21004, "Name": "Candy Cane Miss Fortune"}, {"Num": 5, "Id": 21005, "Name": "Road Warrior Miss Fortune"}, {"Num": 6, "Id": 21006, "Name": "Mafia Miss Fortune"}, {"Num": 7, "Id": 21007, "Name": "Arcade Miss Fortune"}, {"Num": 8, "Id": 21008, "Name": "Captain Fortune"}], "StrId": "MissFortune", "Id": 21, "Name": "Miss Fortune"}, {"Skins": [{"Num": 0, "Id": 62000, "Name": "default"}, {"Num": 1, "Id": 62001, "Name": "Volcanic Wukong"}, {"Num": 2, "Id": 62002, "Name": "General Wukong"}, {"Num": 3, "Id": 62003, "Name": "Jade Dragon Wukong"}, {"Num": 4, "Id": 62004, "Name": "Underworld Wukong"}], "StrId": "MonkeyKing", "Id": 62, "Name": "Wukong"}, {"Skins": [{"Num": 0, "Id": 82000, "Name": "default"}, {"Num": 1, "Id": 82001, "Name": "Dragon Knight Mordekaiser"}, {"Num": 2, "Id": 82002, "Name": "Infernal Mordekaiser"}, {"Num": 3, "Id": 82003, "Name": "Pentakill Mordekaiser"}, {"Num": 4, "Id": 82004, "Name": "Lord Mordekaiser"}, {"Num": 5, "Id": 82005, "Name": "King of Clubs Mordekaiser"}], "StrId": "Mordekaiser", "Id": 82, "Name": "Mordekaiser"}, {"Skins": [{"Num": 0, "Id": 25000, "Name": "default"}, {"Num": 1, "Id": 25001, "Name": "Exiled Morgana"}, {"Num": 2, "Id": 25002, "Name": "Sinful Succulence Morgana"}, {"Num": 3, "Id": 25003, "Name": "Blade Mistress Morgana"}, {"Num": 4, "Id": 25004, "Name": "Blackthorn Morgana"}, {"Num": 5, "Id": 25005, "Name": "Ghost Bride Morgana"}, {"Num": 6, "Id": 25006, "Name": "Victorious Morgana"}], "StrId": "Morgana", "Id": 25, "Name": "Morgana"}, {"Skins": [{"Num": 0, "Id": 267000, "Name": "default"}, {"Num": 1, "Id": 267001, "Name": "Koi Nami"}, {"Num": 2, "Id": 267002, "Name": "River Spirit Nami"}, {"Num": 3, "Id": 267003, "Name": "Urf the Nami-tee"}], "StrId": "Nami", "Id": 267, "Name": "Nami"}, {"Skins": [{"Num": 0, "Id": 75000, "Name": "default"}, {"Num": 1, "Id": 75001, "Name": "Galactic Nasus"}, {"Num": 2, "Id": 75002, "Name": "Pharaoh Nasus"}, {"Num": 3, "Id": 75003, "Name": "Dreadknight Nasus"}, {"Num": 4, "Id": 75004, "Name": "Riot K-9 Nasus"}, {"Num": 5, "Id": 75005, "Name": "Infernal Nasus"}, {"Num": 6, "Id": 75006, "Name": "Archduke Nasus"}], "StrId": "Nasus", "Id": 75, "Name": "Nasus"}, {"Skins": [{"Num": 0, "Id": 111000, "Name": "default"}, {"Num": 1, "Id": 111001, "Name": "Abyssal Nautilus"}, {"Num": 2, "Id": 111002, "Name": "Subterranean Nautilus"}, {"Num": 3, "Id": 111003, "Name": "AstroNautilus"}, {"Num": 4, "Id": 111004, "Name": "Warden Nautilus"}], "StrId": "Nautilus", "Id": 111, "Name": "Nautilus"}, {"Skins": [{"Num": 0, "Id": 76000, "Name": "default"}, {"Num": 1, "Id": 76001, "Name": "Snow Bunny Nidalee"}, {"Num": 2, "Id": 76002, "Name": "Leopard Nidalee"}, {"Num": 3, "Id": 76003, "Name": "French Maid Nidalee"}, {"Num": 4, "Id": 76004, "Name": "Pharaoh Nidalee"}, {"Num": 5, "Id": 76005, "Name": "Bewitching Nidalee"}, {"Num": 6, "Id": 76006, "Name": "Headhunter Nidalee"}, {"Num": 7, "Id": 76007, "Name": "Warring Kingdoms Nidalee"}], "StrId": "Nidalee", "Id": 76, "Name": "Nidalee"}, {"Skins": [{"Num": 0, "Id": 56000, "Name": "default"}, {"Num": 1, "Id": 56001, "Name": "Frozen Terror Nocturne"}, {"Num": 2, "Id": 56002, "Name": "Void Nocturne"}, {"Num": 3, "Id": 56003, "Name": "Ravager Nocturne"}, {"Num": 4, "Id": 56004, "Name": "Haunting Nocturne"}, {"Num": 5, "Id": 56005, "Name": "Eternum Nocturne"}], "StrId": "Nocturne", "Id": 56, "Name": "Nocturne"}, {"Skins": [{"Num": 0, "Id": 20000, "Name": "default"}, {"Num": 1, "Id": 20001, "Name": "Sasquatch Nunu"}, {"Num": 2, "Id": 20002, "Name": "Workshop Nunu"}, {"Num": 3, "Id": 20003, "Name": "Grungy Nunu"}, {"Num": 4, "Id": 20004, "Name": "Nunu Bot"}, {"Num": 5, "Id": 20005, "Name": "Demolisher Nunu"}, {"Num": 6, "Id": 20006, "Name": "TPA Nunu"}, {"Num": 7, "Id": 20007, "Name": "Zombie Nunu"}], "StrId": "Nunu", "Id": 20, "Name": "Nunu"}, {"Skins": [{"Num": 0, "Id": 2000, "Name": "default"}, {"Num": 1, "Id": 2001, "Name": "Forsaken Olaf"}, {"Num": 2, "Id": 2002, "Name": "Glacial Olaf"}, {"Num": 3, "Id": 2003, "Name": "Brolaf"}, {"Num": 4, "Id": 2004, "Name": "Pentakill Olaf"}, {"Num": 5, "Id": 2005, "Name": "Marauder Olaf"}], "StrId": "Olaf", "Id": 2, "Name": "Olaf"}, {"Skins": [{"Num": 0, "Id": 61000, "Name": "default"}, {"Num": 1, "Id": 61001, "Name": "Gothic Orianna"}, {"Num": 2, "Id": 61002, "Name": "Sewn Chaos Orianna"}, {"Num": 3, "Id": 61003, "Name": "Bladecraft Orianna"}, {"Num": 4, "Id": 61004, "Name": "TPA Orianna"}, {"Num": 5, "Id": 61005, "Name": "Winter Wonder Orianna"}], "StrId": "Orianna", "Id": 61, "Name": "Orianna"}, {"Skins": [{"Num": 0, "Id": 80000, "Name": "default"}, {"Num": 1, "Id": 80001, "Name": "Myrmidon Pantheon"}, {"Num": 2, "Id": 80002, "Name": "Ruthless Pantheon"}, {"Num": 3, "Id": 80003, "Name": "Perseus Pantheon"}, {"Num": 4, "Id": 80004, "Name": "Full Metal Pantheon"}, {"Num": 5, "Id": 80005, "Name": "Glaive Warrior Pantheon"}, {"Num": 6, "Id": 80006, "Name": "Dragonslayer Pantheon"}, {"Num": 7, "Id": 80007, "Name": "Slayer Pantheon"}], "StrId": "Pantheon", "Id": 80, "Name": "Pantheon"}, {"Skins": [{"Num": 0, "Id": 78000, "Name": "default"}, {"Num": 1, "Id": 78001, "Name": "Noxus Poppy"}, {"Num": 2, "Id": 78002, "Name": "Lollipoppy"}, {"Num": 3, "Id": 78003, "Name": "Blacksmith Poppy"}, {"Num": 4, "Id": 78004, "Name": "Ragdoll Poppy"}, {"Num": 5, "Id": 78005, "Name": "Battle Regalia Poppy"}, {"Num": 6, "Id": 78006, "Name": "Scarlet Hammer Poppy"}], "StrId": "Poppy", "Id": 78, "Name": "Poppy"}, {"Skins": [{"Num": 0, "Id": 133000, "Name": "default"}, {"Num": 1, "Id": 133001, "Name": "Phoenix Quinn"}, {"Num": 2, "Id": 133002, "Name": "Woad Scout Quinn"}, {"Num": 3, "Id": 133003, "Name": "Corsair Quinn"}], "StrId": "Quinn", "Id": 133, "Name": "Quinn"}, {"Skins": [{"Num": 0, "Id": 33000, "Name": "default"}, {"Num": 1, "Id": 33001, "Name": "King Rammus"}, {"Num": 2, "Id": 33002, "Name": "Chrome Rammus"}, {"Num": 3, "Id": 33003, "Name": "Molten Rammus"}, {"Num": 4, "Id": 33004, "Name": "Freljord Rammus"}, {"Num": 5, "Id": 33005, "Name": "Ninja Rammus"}, {"Num": 6, "Id": 33006, "Name": "Full Metal Rammus"}, {"Num": 7, "Id": 33007, "Name": "Guardian of the Sands Rammus"}], "StrId": "Rammus", "Id": 33, "Name": "Rammus"}, {"Skins": [{"Num": 0, "Id": 421000, "Name": "default"}, {"Num": 1, "Id": 421001, "Name": "Eternum Rek'Sai"}, {"Num": 2, "Id": 421002, "Name": "Pool Party Rek'Sai"}], "StrId": "RekSai", "Id": 421, "Name": "Rek'Sai"}, {"Skins": [{"Num": 0, "Id": 58000, "Name": "default"}, {"Num": 1, "Id": 58001, "Name": "Galactic Renekton"}, {"Num": 2, "Id": 58002, "Name": "Outback Renekton"}, {"Num": 3, "Id": 58003, "Name": "Bloodfury Renekton"}, {"Num": 4, "Id": 58004, "Name": "Rune Wars Renekton"}, {"Num": 5, "Id": 58005, "Name": "Scorched Earth Renekton"}, {"Num": 6, "Id": 58006, "Name": "Pool Party Renekton"}, {"Num": 7, "Id": 58007, "Name": "Prehistoric Renekton"}], "StrId": "Renekton", "Id": 58, "Name": "Renekton"}, {"Skins": [{"Num": 0, "Id": 107000, "Name": "default"}, {"Num": 1, "Id": 107001, "Name": "Headhunter Rengar"}, {"Num": 2, "Id": 107002, "Name": "Night Hunter Rengar"}, {"Num": 3, "Id": 107003, "Name": "SSW Rengar"}], "StrId": "Rengar", "Id": 107, "Name": "Rengar"}, {"Skins": [{"Num": 0, "Id": 92000, "Name": "default"}, {"Num": 1, "Id": 92001, "Name": "Redeemed Riven"}, {"Num": 2, "Id": 92002, "Name": "Crimson Elite Riven"}, {"Num": 3, "Id": 92003, "Name": "Battle Bunny Riven"}, {"Num": 4, "Id": 92004, "Name": "Championship Riven"}, {"Num": 5, "Id": 92005, "Name": "Dragonblade Riven"}, {"Num": 6, "Id": 92006, "Name": "Arcade Riven"}], "StrId": "Riven", "Id": 92, "Name": "Riven"}, {"Skins": [{"Num": 0, "Id": 68000, "Name": "default"}, {"Num": 1, "Id": 68001, "Name": "Rumble in the Jungle"}, {"Num": 2, "Id": 68002, "Name": "Bilgerat Rumble"}, {"Num": 3, "Id": 68003, "Name": "Super Galaxy Rumble"}], "StrId": "Rumble", "Id": 68, "Name": "Rumble"}, {"Skins": [{"Num": 0, "Id": 13000, "Name": "default"}, {"Num": 1, "Id": 13001, "Name": "Human Ryze"}, {"Num": 2, "Id": 13002, "Name": "Tribal Ryze"}, {"Num": 3, "Id": 13003, "Name": "Uncle Ryze"}, {"Num": 4, "Id": 13004, "Name": "Triumphant Ryze"}, {"Num": 5, "Id": 13005, "Name": "Professor Ryze"}, {"Num": 6, "Id": 13006, "Name": "Zombie Ryze"}, {"Num": 7, "Id": 13007, "Name": "Dark Crystal Ryze"}, {"Num": 8, "Id": 13008, "Name": "Pirate Ryze"}, {"Num": 9, "Id": 13009, "Name": "Ryze Whitebeard"}], "StrId": "Ryze", "Id": 13, "Name": "Ryze"}, {"Skins": [{"Num": 0, "Id": 113000, "Name": "default"}, {"Num": 1, "Id": 113001, "Name": "Sabretusk Sejuani"}, {"Num": 2, "Id": 113002, "Name": "Darkrider Sejuani"}, {"Num": 3, "Id": 113003, "Name": "Traditional Sejuani"}, {"Num": 4, "Id": 113004, "Name": "Bear Cavalry Sejuani"}, {"Num": 5, "Id": 113005, "Name": "Poro Rider Sejuani"}], "StrId": "Sejuani", "Id": 113, "Name": "Sejuani"}, {"Skins": [{"Num": 0, "Id": 35000, "Name": "default"}, {"Num": 1, "Id": 35001, "Name": "Mad Hatter Shaco"}, {"Num": 2, "Id": 35002, "Name": "Royal Shaco"}, {"Num": 3, "Id": 35003, "Name": "Nutcracko"}, {"Num": 4, "Id": 35004, "Name": "Workshop Shaco"}, {"Num": 5, "Id": 35005, "Name": "Asylum Shaco"}, {"Num": 6, "Id": 35006, "Name": "Masked Shaco"}, {"Num": 7, "Id": 35007, "Name": "Wild Card Shaco"}], "StrId": "Shaco", "Id": 35, "Name": "Shaco"}, {"Skins": [{"Num": 0, "Id": 98000, "Name": "default"}, {"Num": 1, "Id": 98001, "Name": "Frozen Shen"}, {"Num": 2, "Id": 98002, "Name": "Yellow Jacket Shen"}, {"Num": 3, "Id": 98003, "Name": "Surgeon Shen"}, {"Num": 4, "Id": 98004, "Name": "Blood Moon Shen"}, {"Num": 5, "Id": 98005, "Name": "Warlord Shen"}, {"Num": 6, "Id": 98006, "Name": "TPA Shen"}], "StrId": "Shen", "Id": 98, "Name": "Shen"}, {"Skins": [{"Num": 0, "Id": 102000, "Name": "default"}, {"Num": 1, "Id": 102001, "Name": "Ironscale Shyvana"}, {"Num": 2, "Id": 102002, "Name": "Boneclaw Shyvana"}, {"Num": 3, "Id": 102003, "Name": "Darkflame Shyvana"}, {"Num": 4, "Id": 102004, "Name": "Ice Drake Shyvana"}, {"Num": 5, "Id": 102005, "Name": "Championship Shyvana"}], "StrId": "Shyvana", "Id": 102, "Name": "Shyvana"}, {"Skins": [{"Num": 0, "Id": 27000, "Name": "default"}, {"Num": 1, "Id": 27001, "Name": "Riot Squad Singed"}, {"Num": 2, "Id": 27002, "Name": "Hextech Singed"}, {"Num": 3, "Id": 27003, "Name": "Surfer Singed"}, {"Num": 4, "Id": 27004, "Name": "Mad Scientist Singed"}, {"Num": 5, "Id": 27005, "Name": "Augmented Singed"}, {"Num": 6, "Id": 27006, "Name": "Snow Day Singed"}, {"Num": 7, "Id": 27007, "Name": "SSW Singed"}], "StrId": "Singed", "Id": 27, "Name": "Singed"}, {"Skins": [{"Num": 0, "Id": 14000, "Name": "default"}, {"Num": 1, "Id": 14001, "Name": "Hextech Sion"}, {"Num": 2, "Id": 14002, "Name": "Barbarian Sion"}, {"Num": 3, "Id": 14003, "Name": "Lumberjack Sion"}, {"Num": 4, "Id": 14004, "Name": "Warmonger Sion"}], "StrId": "Sion", "Id": 14, "Name": "Sion"}, {"Skins": [{"Num": 0, "Id": 15000, "Name": "default"}, {"Num": 1, "Id": 15001, "Name": "Warrior Princess Sivir"}, {"Num": 2, "Id": 15002, "Name": "Spectacular Sivir"}, {"Num": 3, "Id": 15003, "Name": "Huntress Sivir"}, {"Num": 4, "Id": 15004, "Name": "Bandit Sivir"}, {"Num": 5, "Id": 15005, "Name": "PAX Sivir"}, {"Num": 6, "Id": 15006, "Name": "Snowstorm Sivir"}, {"Num": 7, "Id": 15007, "Name": "Warden Sivir"}, {"Num": 8, "Id": 15008, "Name": "Victorious Sivir"}], "StrId": "Sivir", "Id": 15, "Name": "Sivir"}, {"Skins": [{"Num": 0, "Id": 72000, "Name": "default"}, {"Num": 1, "Id": 72001, "Name": "Sandscourge Skarner"}, {"Num": 2, "Id": 72002, "Name": "Earthrune Skarner"}, {"Num": 3, "Id": 72003, "Name": "Battlecast Alpha Skarner"}, {"Num": 4, "Id": 72004, "Name": "Guardian of the Sands Skarner"}], "StrId": "Skarner", "Id": 72, "Name": "Skarner"}, {"Skins": [{"Num": 0, "Id": 37000, "Name": "default"}, {"Num": 1, "Id": 37001, "Name": "Muse Sona"}, {"Num": 2, "Id": 37002, "Name": "Pentakill Sona"}, {"Num": 3, "Id": 37003, "Name": "Silent Night Sona"}, {"Num": 4, "Id": 37004, "Name": "Guqin Sona"}, {"Num": 5, "Id": 37005, "Name": "Arcade Sona"}, {"Num": 6, "Id": 37006, "Name": "DJ Sona"}], "StrId": "Sona", "Id": 37, "Name": "Sona"}, {"Skins": [{"Num": 0, "Id": 16000, "Name": "default"}, {"Num": 1, "Id": 16001, "Name": "Dryad Soraka"}, {"Num": 2, "Id": 16002, "Name": "Divine Soraka"}, {"Num": 3, "Id": 16003, "Name": "Celestine Soraka"}, {"Num": 4, "Id": 16004, "Name": "Reaper Soraka"}, {"Num": 5, "Id": 16005, "Name": "Order of the Banana Soraka"}], "StrId": "Soraka", "Id": 16, "Name": "Soraka"}, {"Skins": [{"Num": 0, "Id": 50000, "Name": "default"}, {"Num": 1, "Id": 50001, "Name": "Northern Front Swain"}, {"Num": 2, "Id": 50002, "Name": "Bilgewater Swain"}, {"Num": 3, "Id": 50003, "Name": "Tyrant Swain"}], "StrId": "Swain", "Id": 50, "Name": "Swain"}, {"Skins": [{"Num": 0, "Id": 134000, "Name": "default"}, {"Num": 1, "Id": 134001, "Name": "Justicar Syndra"}, {"Num": 2, "Id": 134002, "Name": "Atlantean Syndra"}, {"Num": 3, "Id": 134003, "Name": "Queen of Diamonds Syndra"}, {"Num": 4, "Id": 134004, "Name": "Snow Day Syndra"}], "StrId": "Syndra", "Id": 134, "Name": "Syndra"}, {"Skins": [{"Num": 0, "Id": 223000, "Name": "default"}, {"Num": 1, "Id": 223001, "Name": "Master Chef Tahm Kench"}], "StrId": "TahmKench", "Id": 223, "Name": "Tahm Kench"}, {"Skins": [{"Num": 0, "Id": 91000, "Name": "default"}, {"Num": 1, "Id": 91001, "Name": "Renegade Talon"}, {"Num": 2, "Id": 91002, "Name": "Crimson Elite Talon"}, {"Num": 3, "Id": 91003, "Name": "Dragonblade Talon"}, {"Num": 4, "Id": 91004, "Name": "SSW Talon"}], "StrId": "Talon", "Id": 91, "Name": "Talon"}, {"Skins": [{"Num": 0, "Id": 44000, "Name": "default"}, {"Num": 1, "Id": 44001, "Name": "Emerald Taric"}, {"Num": 2, "Id": 44002, "Name": "Armor of the Fifth Age Taric"}, {"Num": 3, "Id": 44003, "Name": "Bloodstone Taric"}], "StrId": "Taric", "Id": 44, "Name": "Taric"}, {"Skins": [{"Num": 0, "Id": 17000, "Name": "default"}, {"Num": 1, "Id": 17001, "Name": "Happy Elf Teemo"}, {"Num": 2, "Id": 17002, "Name": "Recon Teemo"}, {"Num": 3, "Id": 17003, "Name": "Badger Teemo"}, {"Num": 4, "Id": 17004, "Name": "Astronaut Teemo"}, {"Num": 5, "Id": 17005, "Name": "Cottontail Teemo"}, {"Num": 6, "Id": 17006, "Name": "Super Teemo"}, {"Num": 7, "Id": 17007, "Name": "Panda Teemo"}, {"Num": 8, "Id": 17008, "Name": "Omega Squad Teemo"}], "StrId": "Teemo", "Id": 17, "Name": "Teemo"}, {"Skins": [{"Num": 0, "Id": 412000, "Name": "default"}, {"Num": 1, "Id": 412001, "Name": "Deep Terror Thresh"}, {"Num": 2, "Id": 412002, "Name": "Championship Thresh"}, {"Num": 3, "Id": 412003, "Name": "Blood Moon Thresh"}, {"Num": 4, "Id": 412004, "Name": "SSW Thresh"}], "StrId": "Thresh", "Id": 412, "Name": "Thresh"}, {"Skins": [{"Num": 0, "Id": 18000, "Name": "default"}, {"Num": 1, "Id": 18001, "Name": "Riot Girl Tristana"}, {"Num": 2, "Id": 18002, "Name": "Earnest Elf Tristana"}, {"Num": 3, "Id": 18003, "Name": "Firefighter Tristana"}, {"Num": 4, "Id": 18004, "Name": "Guerilla Tristana"}, {"Num": 5, "Id": 18005, "Name": "Buccaneer Tristana"}, {"Num": 6, "Id": 18006, "Name": "Rocket Girl Tristana"}, {"Num": 10, "Id": 18010, "Name": "Dragon Trainer Tristana"}], "StrId": "Tristana", "Id": 18, "Name": "Tristana"}, {"Skins": [{"Num": 0, "Id": 48000, "Name": "default"}, {"Num": 1, "Id": 48001, "Name": "Lil' Slugger Trundle"}, {"Num": 2, "Id": 48002, "Name": "Junkyard Trundle"}, {"Num": 3, "Id": 48003, "Name": "Traditional Trundle"}, {"Num": 4, "Id": 48004, "Name": "Constable Trundle"}], "StrId": "Trundle", "Id": 48, "Name": "Trundle"}, {"Skins": [{"Num": 0, "Id": 23000, "Name": "default"}, {"Num": 1, "Id": 23001, "Name": "Highland Tryndamere"}, {"Num": 2, "Id": 23002, "Name": "King Tryndamere"}, {"Num": 3, "Id": 23003, "Name": "Viking Tryndamere"}, {"Num": 4, "Id": 23004, "Name": "Demonblade Tryndamere"}, {"Num": 5, "Id": 23005, "Name": "Sultan Tryndamere"}, {"Num": 6, "Id": 23006, "Name": "Warring Kingdoms Tryndamere"}, {"Num": 7, "Id": 23007, "Name": "Nightmare Tryndamere"}], "StrId": "Tryndamere", "Id": 23, "Name": "Tryndamere"}, {"Skins": [{"Num": 0, "Id": 4000, "Name": "default"}, {"Num": 1, "Id": 4001, "Name": "PAX Twisted Fate"}, {"Num": 2, "Id": 4002, "Name": "Jack of Hearts Twisted Fate"}, {"Num": 3, "Id": 4003, "Name": "The Magnificent Twisted Fate"}, {"Num": 4, "Id": 4004, "Name": "Tango Twisted Fate"}, {"Num": 5, "Id": 4005, "Name": "High Noon Twisted Fate"}, {"Num": 6, "Id": 4006, "Name": "Musketeer Twisted Fate"}, {"Num": 7, "Id": 4007, "Name": "Underworld Twisted Fate"}, {"Num": 8, "Id": 4008, "Name": "Red Card Twisted Fate"}, {"Num": 9, "Id": 4009, "Name": "Cutpurse Twisted Fate"}], "StrId": "TwistedFate", "Id": 4, "Name": "Twisted Fate"}, {"Skins": [{"Num": 0, "Id": 29000, "Name": "default"}, {"Num": 1, "Id": 29001, "Name": "Kingpin Twitch"}, {"Num": 2, "Id": 29002, "Name": "Whistler Village Twitch"}, {"Num": 3, "Id": 29003, "Name": "Medieval Twitch"}, {"Num": 4, "Id": 29004, "Name": "Gangster Twitch"}, {"Num": 5, "Id": 29005, "Name": "Vandal Twitch"}, {"Num": 6, "Id": 29006, "Name": "Pickpocket Twitch"}, {"Num": 7, "Id": 29007, "Name": "SSW Twitch"}], "StrId": "Twitch", "Id": 29, "Name": "Twitch"}, {"Skins": [{"Num": 0, "Id": 77000, "Name": "default"}, {"Num": 1, "Id": 77001, "Name": "Black Belt Udyr"}, {"Num": 2, "Id": 77002, "Name": "Primal Udyr"}, {"Num": 3, "Id": 77003, "Name": "Spirit Guard Udyr"}, {"Num": 4, "Id": 77004, "Name": "Definitely Not Udyr"}], "StrId": "Udyr", "Id": 77, "Name": "Udyr"}, {"Skins": [{"Num": 0, "Id": 6000, "Name": "default"}, {"Num": 1, "Id": 6001, "Name": "Giant Enemy Crabgot"}, {"Num": 2, "Id": 6002, "Name": "Butcher Urgot"}, {"Num": 3, "Id": 6003, "Name": "Battlecast Urgot"}], "StrId": "Urgot", "Id": 6, "Name": "Urgot"}, {"Skins": [{"Num": 0, "Id": 110000, "Name": "default"}, {"Num": 1, "Id": 110001, "Name": "Blight Crystal Varus"}, {"Num": 2, "Id": 110002, "Name": "Arclight Varus"}, {"Num": 3, "Id": 110003, "Name": "Arctic Ops Varus"}, {"Num": 4, "Id": 110004, "Name": "Heartseeker Varus"}, {"Num": 5, "Id": 110005, "Name": "Varus Swiftbolt"}], "StrId": "Varus", "Id": 110, "Name": "Varus"}, {"Skins": [{"Num": 0, "Id": 67000, "Name": "default"}, {"Num": 1, "Id": 67001, "Name": "Vindicator Vayne"}, {"Num": 2, "Id": 67002, "Name": "Aristocrat Vayne"}, {"Num": 3, "Id": 67003, "Name": "Dragonslayer Vayne"}, {"Num": 4, "Id": 67004, "Name": "Heartseeker Vayne"}, {"Num": 5, "Id": 67005, "Name": "SKT T1 Vayne"}, {"Num": 6, "Id": 67006, "Name": "Arclight Vayne"}], "StrId": "Vayne", "Id": 67, "Name": "Vayne"}, {"Skins": [{"Num": 0, "Id": 45000, "Name": "default"}, {"Num": 1, "Id": 45001, "Name": "White Mage Veigar"}, {"Num": 2, "Id": 45002, "Name": "Curling Veigar"}, {"Num": 3, "Id": 45003, "Name": "Veigar Greybeard"}, {"Num": 4, "Id": 45004, "Name": "Leprechaun Veigar"}, {"Num": 5, "Id": 45005, "Name": "Baron Von Veigar"}, {"Num": 6, "Id": 45006, "Name": "Superb Villain Veigar"}, {"Num": 7, "Id": 45007, "Name": "Bad Santa Veigar"}, {"Num": 8, "Id": 45008, "Name": "Final Boss Veigar"}], "StrId": "Veigar", "Id": 45, "Name": "Veigar"}, {"Skins": [{"Num": 0, "Id": 161000, "Name": "default"}, {"Num": 1, "Id": 161001, "Name": "Battlecast Vel'Koz"}, {"Num": 2, "Id": 161002, "Name": "Arclight Vel'Koz"}], "StrId": "Velkoz", "Id": 161, "Name": "Vel'Koz"}, {"Skins": [{"Num": 0, "Id": 254000, "Name": "default"}, {"Num": 1, "Id": 254001, "Name": "Neon Strike Vi"}, {"Num": 2, "Id": 254002, "Name": "Officer Vi"}, {"Num": 3, "Id": 254003, "Name": "Debonair Vi"}, {"Num": 4, "Id": 254004, "Name": "Demon Vi"}], "StrId": "Vi", "Id": 254, "Name": "Vi"}, {"Skins": [{"Num": 0, "Id": 112000, "Name": "default"}, {"Num": 1, "Id": 112001, "Name": "Full Machine Viktor"}, {"Num": 2, "Id": 112002, "Name": "Prototype Viktor"}, {"Num": 3, "Id": 112003, "Name": "Creator Viktor"}], "StrId": "Viktor", "Id": 112, "Name": "Viktor"}, {"Skins": [{"Num": 0, "Id": 8000, "Name": "default"}, {"Num": 1, "Id": 8001, "Name": "Count Vladimir"}, {"Num": 2, "Id": 8002, "Name": "Marquis Vladimir"}, {"Num": 3, "Id": 8003, "Name": "Nosferatu Vladimir"}, {"Num": 4, "Id": 8004, "Name": "Vandal Vladimir"}, {"Num": 5, "Id": 8005, "Name": "Blood Lord Vladimir"}, {"Num": 6, "Id": 8006, "Name": "Soulstealer Vladimir"}, {"Num": 7, "Id": 8007, "Name": "Academy Vladimir"}], "StrId": "Vladimir", "Id": 8, "Name": "Vladimir"}, {"Skins": [{"Num": 0, "Id": 106000, "Name": "default"}, {"Num": 1, "Id": 106001, "Name": "Thunder Lord Volibear"}, {"Num": 2, "Id": 106002, "Name": "Northern Storm Volibear"}, {"Num": 3, "Id": 106003, "Name": "Runeguard Volibear"}, {"Num": 4, "Id": 106004, "Name": "Captain Volibear"}], "StrId": "Volibear", "Id": 106, "Name": "Volibear"}, {"Skins": [{"Num": 0, "Id": 19000, "Name": "default"}, {"Num": 1, "Id": 19001, "Name": "Grey Warwick"}, {"Num": 2, "Id": 19002, "Name": "Urf the Manatee"}, {"Num": 3, "Id": 19003, "Name": "Big Bad Warwick"}, {"Num": 4, "Id": 19004, "Name": "Tundra Hunter Warwick"}, {"Num": 5, "Id": 19005, "Name": "Feral Warwick"}, {"Num": 6, "Id": 19006, "Name": "Firefang Warwick"}, {"Num": 7, "Id": 19007, "Name": "Hyena Warwick"}, {"Num": 8, "Id": 19008, "Name": "Marauder Warwick"}], "StrId": "Warwick", "Id": 19, "Name": "Warwick"}, {"Skins": [{"Num": 0, "Id": 101000, "Name": "default"}, {"Num": 1, "Id": 101001, "Name": "Runeborn Xerath"}, {"Num": 2, "Id": 101002, "Name": "Battlecast Xerath"}, {"Num": 3, "Id": 101003, "Name": "Scorched Earth Xerath"}, {"Num": 4, "Id": 101004, "Name": "Guardian of the Sands Xerath"}], "StrId": "Xerath", "Id": 101, "Name": "Xerath"}, {"Skins": [{"Num": 0, "Id": 5000, "Name": "default"}, {"Num": 1, "Id": 5001, "Name": "Commando Xin Zhao"}, {"Num": 2, "Id": 5002, "Name": "Imperial Xin Zhao"}, {"Num": 3, "Id": 5003, "Name": "Viscero Xin Zhao"}, {"Num": 4, "Id": 5004, "Name": "Winged Hussar Xin Zhao"}, {"Num": 5, "Id": 5005, "Name": "Warring Kingdoms Xin Zhao"}, {"Num": 6, "Id": 5006, "Name": "Secret Agent Xin Zhao"}], "StrId": "XinZhao", "Id": 5, "Name": "Xin Zhao"}, {"Skins": [{"Num": 0, "Id": 157000, "Name": "default"}, {"Num": 1, "Id": 157001, "Name": "High Noon Yasuo"}, {"Num": 2, "Id": 157002, "Name": "PROJECT: Yasuo"}], "StrId": "Yasuo", "Id": 157, "Name": "Yasuo"}, {"Skins": [{"Num": 0, "Id": 83000, "Name": "default"}, {"Num": 1, "Id": 83001, "Name": "Undertaker Yorick"}, {"Num": 2, "Id": 83002, "Name": "Pentakill Yorick"}], "StrId": "Yorick", "Id": 83, "Name": "Yorick"}, {"Skins": [{"Num": 0, "Id": 154000, "Name": "default"}, {"Num": 1, "Id": 154001, "Name": "Special Weapon Zac"}, {"Num": 2, "Id": 154002, "Name": "Pool Party Zac"}], "StrId": "Zac", "Id": 154, "Name": "Zac"}, {"Skins": [{"Num": 0, "Id": 238000, "Name": "default"}, {"Num": 1, "Id": 238001, "Name": "Shockblade Zed"}, {"Num": 2, "Id": 238002, "Name": "SKT T1 Zed"}, {"Num": 3, "Id": 238003, "Name": "PROJECT: Zed"}], "StrId": "Zed", "Id": 238, "Name": "Zed"}, {"Skins": [{"Num": 0, "Id": 115000, "Name": "default"}, {"Num": 1, "Id": 115001, "Name": "Mad Scientist Ziggs"}, {"Num": 2, "Id": 115002, "Name": "Major Ziggs"}, {"Num": 3, "Id": 115003, "Name": "Pool Party Ziggs"}, {"Num": 4, "Id": 115004, "Name": "Snow Day Ziggs"}, {"Num": 5, "Id": 115005, "Name": "Master Arcanist Ziggs"}], "StrId": "Ziggs", "Id": 115, "Name": "Ziggs"}, {"Skins": [{"Num": 0, "Id": 26000, "Name": "default"}, {"Num": 1, "Id": 26001, "Name": "Old Saint Zilean"}, {"Num": 2, "Id": 26002, "Name": "Groovy Zilean"}, {"Num": 3, "Id": 26003, "Name": "Shurima Desert Zilean"}, {"Num": 4, "Id": 26004, "Name": "Time Machine Zilean"}, {"Num": 5, "Id": 26005, "Name": "Blood Moon Zilean"}], "StrId": "Zilean", "Id": 26, "Name": "Zilean"}, {"Skins": [{"Num": 0, "Id": 143000, "Name": "default"}, {"Num": 1, "Id": 143001, "Name": "Wildfire Zyra"}, {"Num": 2, "Id": 143002, "Name": "Haunted Zyra"}, {"Num": 3, "Id": 143003, "Name": "SKT T1 Zyra"}], "StrId": "Zyra", "Id": 143, "Name": "Zyra"}]