[{"Skins": [{"ChampionId": 266, "Num": 0, "DisplayName": "default", "Id": 266000}, {"ChampionId": 266, "Num": 1, "DisplayName": "Justicar Aatrox", "Id": 266001}, {"ChampionId": 266, "Num": 2, "DisplayName": "Mecha Aatrox", "Id": 266002}, {"ChampionId": 266, "Num": 3, "DisplayName": "Sea Hunter Aatrox", "Id": 266003}], "DisplayName": "Aatrox", "Id": 266, "Name": "Aatrox"}, {"Skins": [{"ChampionId": 103, "Num": 0, "DisplayName": "default", "Id": 103000}, {"ChampionId": 103, "Num": 1, "DisplayName": "Dynasty Ahri", "Id": 103001}, {"ChampionId": 103, "Num": 2, "DisplayName": "Midnight Ahri", "Id": 103002}, {"ChampionId": 103, "Num": 3, "DisplayName": "Foxfire Ahri", "Id": 103003}, {"ChampionId": 103, "Num": 4, "DisplayName": "Popstar Ahri", "Id": 103004}, {"ChampionId": 103, "Num": 5, "DisplayName": "Challenger Ahri", "Id": 103005}, {"ChampionId": 103, "Num": 6, "DisplayName": "Academy Ahri", "Id": 103006}], "DisplayName": "Ahri", "Id": 103, "Name": "Ahri"}, {"Skins": [{"ChampionId": 84, "Num": 0, "DisplayName": "default", "Id": 84000}, {"ChampionId": 84, "Num": 1, "DisplayName": "Stinger Akali", "Id": 84001}, {"ChampionId": 84, "Num": 2, "DisplayName": "Crimson Akali", "Id": 84002}, {"ChampionId": 84, "Num": 3, "DisplayName": "All-star Akali", "Id": 84003}, {"ChampionId": 84, "Num": 4, "DisplayName": "Nurse Akali", "Id": 84004}, {"ChampionId": 84, "Num": 5, "DisplayName": "Blood Moon Akali", "Id": 84005}, {"ChampionId": 84, "Num": 6, "DisplayName": "Silverfang Akali", "Id": 84006}, {"ChampionId": 84, "Num": 7, "DisplayName": "Headhunter Akali", "Id": 84007}], "DisplayName": "Akali", "Id": 84, "Name": "Akali"}, {"Skins": [{"ChampionId": 12, "Num": 0, "DisplayName": "default", "Id": 12000}, {"ChampionId": 12, "Num": 1, "DisplayName": "Black Alistar", "Id": 12001}, {"ChampionId": 12, "Num": 2, "DisplayName": "Golden Alistar", "Id": 12002}, {"ChampionId": 12, "Num": 3, "DisplayName": "Matador Alistar", "Id": 12003}, {"ChampionId": 12, "Num": 4, "DisplayName": "Longhorn Alistar", "Id": 12004}, {"ChampionId": 12, "Num": 5, "DisplayName": "Unchained Alistar", "Id": 12005}, {"ChampionId": 12, "Num": 6, "DisplayName": "Infernal Alistar", "Id": 12006}, {"ChampionId": 12, "Num": 7, "DisplayName": "Sweeper Alistar", "Id": 12007}, {"ChampionId": 12, "Num": 8, "DisplayName": "Marauder Alistar", "Id": 12008}, {"ChampionId": 12, "Num": 9, "DisplayName": "SKT T1 Alistar", "Id": 12009}], "DisplayName": "Alistar", "Id": 12, "Name": "Alistar"}, {"Skins": [{"ChampionId": 32, "Num": 0, "DisplayName": "default", "Id": 32000}, {"ChampionId": 32, "Num": 1, "DisplayName": "Pharaoh Amumu", "Id": 32001}, {"ChampionId": 32, "Num": 2, "DisplayName": "Vancouver Amumu", "Id": 32002}, {"ChampionId": 32, "Num": 3, "DisplayName": "Emumu", "Id": 32003}, {"ChampionId": 32, "Num": 4, "DisplayName": "Re-Gifted Amumu", "Id": 32004}, {"ChampionId": 32, "Num": 5, "DisplayName": "Almost-Prom King Amumu", "Id": 32005}, {"ChampionId": 32, "Num": 6, "DisplayName": "Little Knight Amumu", "Id": 32006}, {"ChampionId": 32, "Num": 7, "DisplayName": "Sad Robot Amumu", "Id": 32007}, {"ChampionId": 32, "Num": 8, "DisplayName": "Surprise Party Amumu", "Id": 32008}], "DisplayName": "Amumu", "Id": 32, "Name": "Amumu"}, {"Skins": [{"ChampionId": 34, "Num": 0, "DisplayName": "default", "Id": 34000}, {"ChampionId": 34, "Num": 1, "DisplayName": "Team Spirit Anivia", "Id": 34001}, {"ChampionId": 34, "Num": 2, "DisplayName": "Bird of Prey Anivia", "Id": 34002}, {"ChampionId": 34, "Num": 3, "DisplayName": "Noxus Hunter Anivia", "Id": 34003}, {"ChampionId": 34, "Num": 4, "DisplayName": "Hextech Anivia", "Id": 34004}, {"ChampionId": 34, "Num": 5, "DisplayName": "Blackfrost Anivia", "Id": 34005}, {"ChampionId": 34, "Num": 6, "DisplayName": "Prehistoric Anivia", "Id": 34006}], "DisplayName": "Anivia", "Id": 34, "Name": "Anivia"}, {"Skins": [{"ChampionId": 1, "Num": 0, "DisplayName": "default", "Id": 1000}, {"ChampionId": 1, "Num": 1, "DisplayName": "Goth Annie", "Id": 1001}, {"ChampionId": 1, "Num": 2, "DisplayName": "Red Riding Annie", "Id": 1002}, {"ChampionId": 1, "Num": 3, "DisplayName": "Annie in Wonderland", "Id": 1003}, {"ChampionId": 1, "Num": 4, "DisplayName": "Prom Queen Annie", "Id": 1004}, {"ChampionId": 1, "Num": 5, "DisplayName": "Frostfire Annie", "Id": 1005}, {"ChampionId": 1, "Num": 6, "DisplayName": "Reverse Annie", "Id": 1006}, {"ChampionId": 1, "Num": 7, "DisplayName": "FrankenTibbers Annie", "Id": 1007}, {"ChampionId": 1, "Num": 8, "DisplayName": "Panda Annie", "Id": 1008}, {"ChampionId": 1, "Num": 9, "DisplayName": "Sweetheart Annie", "Id": 1009}, {"ChampionId": 1, "Num": 10, "DisplayName": "Hextech Annie", "Id": 1010}], "DisplayName": "Annie", "Id": 1, "Name": "Annie"}, {"Skins": [{"ChampionId": 22, "Num": 0, "DisplayName": "default", "Id": 22000}, {"ChampionId": 22, "Num": 1, "DisplayName": "Freljord Ashe", "Id": 22001}, {"ChampionId": 22, "Num": 2, "DisplayName": "Sherwood Forest Ashe", "Id": 22002}, {"ChampionId": 22, "Num": 3, "DisplayName": "Woad Ashe", "Id": 22003}, {"ChampionId": 22, "Num": 4, "DisplayName": "Queen Ashe", "Id": 22004}, {"ChampionId": 22, "Num": 5, "DisplayName": "Amethyst Ashe", "Id": 22005}, {"ChampionId": 22, "Num": 6, "DisplayName": "Heartseeker Ashe", "Id": 22006}, {"ChampionId": 22, "Num": 7, "DisplayName": "Marauder Ashe", "Id": 22007}], "DisplayName": "Ashe", "Id": 22, "Name": "Ashe"}, {"Skins": [{"ChampionId": 136, "Num": 0, "DisplayName": "default", "Id": 136000}, {"ChampionId": 136, "Num": 1, "DisplayName": "Ashen Lord Aurelion Sol", "Id": 136001}], "DisplayName": "Aurelion Sol", "Id": 136, "Name": "AurelionSol"}, {"Skins": [{"ChampionId": 268, "Num": 0, "DisplayName": "default", "Id": 268000}, {"ChampionId": 268, "Num": 1, "DisplayName": "Galactic Azir", "Id": 268001}, {"ChampionId": 268, "Num": 2, "DisplayName": "Gravelord Azir", "Id": 268002}], "DisplayName": "Azir", "Id": 268, "Name": "Azir"}, {"Skins": [{"ChampionId": 432, "Num": 0, "DisplayName": "default", "Id": 432000}, {"ChampionId": 432, "Num": 1, "DisplayName": "Elderwood Bard", "Id": 432001}, {"ChampionId": 432, "Num": 5, "DisplayName": "Snow Day Bard", "Id": 432005}], "DisplayName": "Bard", "Id": 432, "Name": "Bard"}, {"Skins": [{"ChampionId": 53, "Num": 0, "DisplayName": "default", "Id": 53000}, {"ChampionId": 53, "Num": 1, "DisplayName": "Rusty Blitzcrank", "Id": 53001}, {"ChampionId": 53, "Num": 2, "DisplayName": "Goalkeeper Blitzcrank", "Id": 53002}, {"ChampionId": 53, "Num": 3, "DisplayName": "Boom Boom Blitzcrank", "Id": 53003}, {"ChampionId": 53, "Num": 4, "DisplayName": "Piltover Customs Blitzcrank", "Id": 53004}, {"ChampionId": 53, "Num": 5, "DisplayName": "Definitely Not Blitzcrank", "Id": 53005}, {"ChampionId": 53, "Num": 6, "DisplayName": "iBlitzcrank", "Id": 53006}, {"ChampionId": 53, "Num": 7, "DisplayName": "Riot Blitzcrank", "Id": 53007}, {"ChampionId": 53, "Num": 11, "DisplayName": "Battle Boss Blitzcrank", "Id": 53011}], "DisplayName": "Blitzcrank", "Id": 53, "Name": "Blitzcrank"}, {"Skins": [{"ChampionId": 63, "Num": 0, "DisplayName": "default", "Id": 63000}, {"ChampionId": 63, "Num": 1, "DisplayName": "Apocalyptic Brand", "Id": 63001}, {"ChampionId": 63, "Num": 2, "DisplayName": "Vandal Brand", "Id": 63002}, {"ChampionId": 63, "Num": 3, "DisplayName": "Cryocore Brand", "Id": 63003}, {"ChampionId": 63, "Num": 4, "DisplayName": "Zombie Brand", "Id": 63004}, {"ChampionId": 63, "Num": 5, "DisplayName": "Spirit Fire Brand", "Id": 63005}], "DisplayName": "Brand", "Id": 63, "Name": "Brand"}, {"Skins": [{"ChampionId": 201, "Num": 0, "DisplayName": "default", "Id": 201000}, {"ChampionId": 201, "Num": 1, "DisplayName": "Dragonslayer Braum", "Id": 201001}, {"ChampionId": 201, "Num": 2, "DisplayName": "El Tigre Braum", "Id": 201002}, {"ChampionId": 201, "Num": 3, "DisplayName": "Braum Lionheart", "Id": 201003}], "DisplayName": "Braum", "Id": 201, "Name": "Braum"}, {"Skins": [{"ChampionId": 51, "Num": 0, "DisplayName": "default", "Id": 51000}, {"ChampionId": 51, "Num": 1, "DisplayName": "Resistance Caitlyn", "Id": 51001}, {"ChampionId": 51, "Num": 2, "DisplayName": "Sheriff Caitlyn", "Id": 51002}, {"ChampionId": 51, "Num": 3, "DisplayName": "Safari Caitlyn", "Id": 51003}, {"ChampionId": 51, "Num": 4, "DisplayName": "Arctic Warfare Caitlyn", "Id": 51004}, {"ChampionId": 51, "Num": 5, "DisplayName": "Officer Caitlyn", "Id": 51005}, {"ChampionId": 51, "Num": 6, "DisplayName": "Headhunter Caitlyn", "Id": 51006}, {"ChampionId": 51, "Num": 10, "DisplayName": "Lunar Wraith Caitlyn", "Id": 51010}], "DisplayName": "Caitlyn", "Id": 51, "Name": "Caitlyn"}, {"Skins": [{"ChampionId": 69, "Num": 0, "DisplayName": "default", "Id": 69000}, {"ChampionId": 69, "Num": 1, "DisplayName": "Desperada Cassiopeia", "Id": 69001}, {"ChampionId": 69, "Num": 2, "DisplayName": "Siren Cassiopeia", "Id": 69002}, {"ChampionId": 69, "Num": 3, "DisplayName": "Mythic Cassiopeia", "Id": 69003}, {"ChampionId": 69, "Num": 4, "DisplayName": "Jade Fang Cassiopeia", "Id": 69004}], "DisplayName": "Cassiopeia", "Id": 69, "Name": "Cassiopeia"}, {"Skins": [{"ChampionId": 31, "Num": 0, "DisplayName": "default", "Id": 31000}, {"ChampionId": 31, "Num": 1, "DisplayName": "Nightmare Cho'Gath", "Id": 31001}, {"ChampionId": 31, "Num": 2, "DisplayName": "Gentleman Cho'Gath", "Id": 31002}, {"ChampionId": 31, "Num": 3, "DisplayName": "Loch Ness Cho'Gath", "Id": 31003}, {"ChampionId": 31, "Num": 4, "DisplayName": "Jurassic Cho'Gath", "Id": 31004}, {"ChampionId": 31, "Num": 5, "DisplayName": "Battlecast Prime Cho'Gath", "Id": 31005}, {"ChampionId": 31, "Num": 6, "DisplayName": "Prehistoric Cho'Gath", "Id": 31006}], "DisplayName": "Cho'Gath", "Id": 31, "Name": "Chogath"}, {"Skins": [{"ChampionId": 42, "Num": 0, "DisplayName": "default", "Id": 42000}, {"ChampionId": 42, "Num": 1, "DisplayName": "UFO Corki", "Id": 42001}, {"ChampionId": 42, "Num": 2, "DisplayName": "Ice Toboggan Corki", "Id": 42002}, {"ChampionId": 42, "Num": 3, "DisplayName": "Red Baron Corki", "Id": 42003}, {"ChampionId": 42, "Num": 4, "DisplayName": "Hot Rod Corki", "Id": 42004}, {"ChampionId": 42, "Num": 5, "DisplayName": "Urfrider Corki", "Id": 42005}, {"ChampionId": 42, "Num": 6, "DisplayName": "Dragonwing Corki", "Id": 42006}, {"ChampionId": 42, "Num": 7, "DisplayName": "Fnatic Corki", "Id": 42007}], "DisplayName": "Corki", "Id": 42, "Name": "Corki"}, {"Skins": [{"ChampionId": 122, "Num": 0, "DisplayName": "default", "Id": 122000}, {"ChampionId": 122, "Num": 1, "DisplayName": "Lord Darius", "Id": 122001}, {"ChampionId": 122, "Num": 2, "DisplayName": "Bioforge Darius", "Id": 122002}, {"ChampionId": 122, "Num": 3, "DisplayName": "Woad King Darius", "Id": 122003}, {"ChampionId": 122, "Num": 4, "DisplayName": "Dunkmaster Darius", "Id": 122004}, {"ChampionId": 122, "Num": 8, "DisplayName": "Academy Darius", "Id": 122008}], "DisplayName": "Darius", "Id": 122, "Name": "Darius"}, {"Skins": [{"ChampionId": 131, "Num": 0, "DisplayName": "default", "Id": 131000}, {"ChampionId": 131, "Num": 1, "DisplayName": "Dark Valkyrie Diana", "Id": 131001}, {"ChampionId": 131, "Num": 2, "DisplayName": "Lunar Goddess Diana", "Id": 131002}, {"ChampionId": 131, "Num": 3, "DisplayName": "Infernal Diana", "Id": 131003}], "DisplayName": "Diana", "Id": 131, "Name": "Diana"}, {"Skins": [{"ChampionId": 36, "Num": 0, "DisplayName": "default", "Id": 36000}, {"ChampionId": 36, "Num": 1, "DisplayName": "Toxic Dr. Mundo", "Id": 36001}, {"ChampionId": 36, "Num": 2, "DisplayName": "Mr. Mundoverse", "Id": 36002}, {"ChampionId": 36, "Num": 3, "DisplayName": "Corporate Mundo", "Id": 36003}, {"ChampionId": 36, "Num": 4, "DisplayName": "Mundo Mundo", "Id": 36004}, {"ChampionId": 36, "Num": 5, "DisplayName": "Executioner Mundo", "Id": 36005}, {"ChampionId": 36, "Num": 6, "DisplayName": "Rageborn Mundo", "Id": 36006}, {"ChampionId": 36, "Num": 7, "DisplayName": "TPA Mundo", "Id": 36007}, {"ChampionId": 36, "Num": 8, "DisplayName": "Pool Party Mundo", "Id": 36008}], "DisplayName": "Dr. Mundo", "Id": 36, "Name": "DrMundo"}, {"Skins": [{"ChampionId": 119, "Num": 0, "DisplayName": "default", "Id": 119000}, {"ChampionId": 119, "Num": 1, "DisplayName": "Soul Reaver Draven", "Id": 119001}, {"ChampionId": 119, "Num": 2, "DisplayName": "Gladiator Draven", "Id": 119002}, {"ChampionId": 119, "Num": 3, "DisplayName": "Primetime Draven", "Id": 119003}, {"ChampionId": 119, "Num": 4, "DisplayName": "Pool Party Draven", "Id": 119004}, {"ChampionId": 119, "Num": 5, "DisplayName": "Beast Hunter Draven", "Id": 119005}, {"ChampionId": 119, "Num": 6, "DisplayName": "Draven Draven", "Id": 119006}], "DisplayName": "Draven", "Id": 119, "Name": "Draven"}, {"Skins": [{"ChampionId": 245, "Num": 0, "DisplayName": "default", "Id": 245000}, {"ChampionId": 245, "Num": 1, "DisplayName": "Sandstorm Ekko", "Id": 245001}, {"ChampionId": 245, "Num": 2, "DisplayName": "Academy Ekko", "Id": 245002}], "DisplayName": "Ekko", "Id": 245, "Name": "Ekko"}, {"Skins": [{"ChampionId": 60, "Num": 0, "DisplayName": "default", "Id": 60000}, {"ChampionId": 60, "Num": 1, "DisplayName": "Death Blossom Elise", "Id": 60001}, {"ChampionId": 60, "Num": 2, "DisplayName": "Victorious Elise", "Id": 60002}, {"ChampionId": 60, "Num": 3, "DisplayName": "Blood Moon Elise", "Id": 60003}, {"ChampionId": 60, "Num": 4, "DisplayName": "SKT T1 Elise", "Id": 60004}], "DisplayName": "Elise", "Id": 60, "Name": "Elise"}, {"Skins": [{"ChampionId": 28, "Num": 0, "DisplayName": "default", "Id": 28000}, {"ChampionId": 28, "Num": 1, "DisplayName": "Shadow Evelynn", "Id": 28001}, {"ChampionId": 28, "Num": 2, "DisplayName": "Masquerade Evelynn", "Id": 28002}, {"ChampionId": 28, "Num": 3, "DisplayName": "Tango Evelynn", "Id": 28003}, {"ChampionId": 28, "Num": 4, "DisplayName": "Safecracker Evelynn", "Id": 28004}], "DisplayName": "Evelynn", "Id": 28, "Name": "Evelynn"}, {"Skins": [{"ChampionId": 81, "Num": 0, "DisplayName": "default", "Id": 81000}, {"ChampionId": 81, "Num": 1, "DisplayName": "Nottingham Ezreal", "Id": 81001}, {"ChampionId": 81, "Num": 2, "DisplayName": "Striker Ezreal", "Id": 81002}, {"ChampionId": 81, "Num": 3, "DisplayName": "Frosted Ezreal", "Id": 81003}, {"ChampionId": 81, "Num": 4, "DisplayName": "Explorer Ezreal", "Id": 81004}, {"ChampionId": 81, "Num": 5, "DisplayName": "Pulsefire Ezreal", "Id": 81005}, {"ChampionId": 81, "Num": 6, "DisplayName": "TPA Ezreal", "Id": 81006}, {"ChampionId": 81, "Num": 7, "DisplayName": "Debonair Ezreal", "Id": 81007}, {"ChampionId": 81, "Num": 8, "DisplayName": "Ace of Spades Ezreal", "Id": 81008}], "DisplayName": "Ezreal", "Id": 81, "Name": "Ezreal"}, {"Skins": [{"ChampionId": 9, "Num": 0, "DisplayName": "default", "Id": 9000}, {"ChampionId": 9, "Num": 1, "DisplayName": "Spectral Fiddlesticks", "Id": 9001}, {"ChampionId": 9, "Num": 2, "DisplayName": "Union Jack Fiddlesticks", "Id": 9002}, {"ChampionId": 9, "Num": 3, "DisplayName": "Bandito Fiddlesticks", "Id": 9003}, {"ChampionId": 9, "Num": 4, "DisplayName": "Pumpkinhead Fiddlesticks", "Id": 9004}, {"ChampionId": 9, "Num": 5, "DisplayName": "Fiddle Me Timbers", "Id": 9005}, {"ChampionId": 9, "Num": 6, "DisplayName": "Surprise Party Fiddlesticks", "Id": 9006}, {"ChampionId": 9, "Num": 7, "DisplayName": "Dark Candy Fiddlesticks", "Id": 9007}, {"ChampionId": 9, "Num": 8, "DisplayName": "Risen Fiddlesticks", "Id": 9008}], "DisplayName": "Fiddlesticks", "Id": 9, "Name": "FiddleSticks"}, {"Skins": [{"ChampionId": 114, "Num": 0, "DisplayName": "default", "Id": 114000}, {"ChampionId": 114, "Num": 1, "DisplayName": "Royal Guard Fiora", "Id": 114001}, {"ChampionId": 114, "Num": 2, "DisplayName": "Nightraven Fiora", "Id": 114002}, {"ChampionId": 114, "Num": 3, "DisplayName": "Headmistress Fiora", "Id": 114003}, {"ChampionId": 114, "Num": 4, "DisplayName": "PROJECT: Fiora", "Id": 114004}], "DisplayName": "Fiora", "Id": 114, "Name": "Fiora"}, {"Skins": [{"ChampionId": 105, "Num": 0, "DisplayName": "default", "Id": 105000}, {"ChampionId": 105, "Num": 1, "DisplayName": "Atlantean Fizz", "Id": 105001}, {"ChampionId": 105, "Num": 2, "DisplayName": "Tundra Fizz", "Id": 105002}, {"ChampionId": 105, "Num": 3, "DisplayName": "Fisherman Fizz", "Id": 105003}, {"ChampionId": 105, "Num": 4, "DisplayName": "Void Fizz", "Id": 105004}, {"ChampionId": 105, "Num": 8, "DisplayName": "Cottontail Fizz", "Id": 105008}], "DisplayName": "Fizz", "Id": 105, "Name": "Fizz"}, {"Skins": [{"ChampionId": 3, "Num": 0, "DisplayName": "default", "Id": 3000}, {"ChampionId": 3, "Num": 1, "DisplayName": "Enchanted Galio", "Id": 3001}, {"ChampionId": 3, "Num": 2, "DisplayName": "Hextech Galio", "Id": 3002}, {"ChampionId": 3, "Num": 3, "DisplayName": "Commando Galio", "Id": 3003}, {"ChampionId": 3, "Num": 4, "DisplayName": "Gatekeeper Galio", "Id": 3004}, {"ChampionId": 3, "Num": 5, "DisplayName": "Debonair Galio", "Id": 3005}], "DisplayName": "Galio", "Id": 3, "Name": "Galio"}, {"Skins": [{"ChampionId": 41, "Num": 0, "DisplayName": "default", "Id": 41000}, {"ChampionId": 41, "Num": 1, "DisplayName": "Spooky Gangplank", "Id": 41001}, {"ChampionId": 41, "Num": 2, "DisplayName": "Minuteman Gangplank", "Id": 41002}, {"ChampionId": 41, "Num": 3, "DisplayName": "Sailor Gangplank", "Id": 41003}, {"ChampionId": 41, "Num": 4, "DisplayName": "Toy Soldier Gangplank", "Id": 41004}, {"ChampionId": 41, "Num": 5, "DisplayName": "Special Forces Gangplank", "Id": 41005}, {"ChampionId": 41, "Num": 6, "DisplayName": "Sultan Gangplank", "Id": 41006}, {"ChampionId": 41, "Num": 7, "DisplayName": "Captain Gangplank", "Id": 41007}], "DisplayName": "Gangplank", "Id": 41, "Name": "Gangplank"}, {"Skins": [{"ChampionId": 86, "Num": 0, "DisplayName": "default", "Id": 86000}, {"ChampionId": 86, "Num": 1, "DisplayName": "Sanguine Garen", "Id": 86001}, {"ChampionId": 86, "Num": 2, "DisplayName": "Desert Trooper Garen", "Id": 86002}, {"ChampionId": 86, "Num": 3, "DisplayName": "Commando Garen", "Id": 86003}, {"ChampionId": 86, "Num": 4, "DisplayName": "Dreadknight Garen", "Id": 86004}, {"ChampionId": 86, "Num": 5, "DisplayName": "Rugged Garen", "Id": 86005}, {"ChampionId": 86, "Num": 6, "DisplayName": "Steel Legion Garen", "Id": 86006}, {"ChampionId": 86, "Num": 10, "DisplayName": "Rogue Admiral Garen", "Id": 86010}], "DisplayName": "Garen", "Id": 86, "Name": "Garen"}, {"Skins": [{"ChampionId": 150, "Num": 0, "DisplayName": "default", "Id": 150000}, {"ChampionId": 150, "Num": 1, "DisplayName": "Dino Gnar", "Id": 150001}, {"ChampionId": 150, "Num": 2, "DisplayName": "Gentleman Gnar", "Id": 150002}, {"ChampionId": 150, "Num": 3, "DisplayName": "Snow Day Gnar", "Id": 150003}], "DisplayName": "Gnar", "Id": 150, "Name": "Gnar"}, {"Skins": [{"ChampionId": 79, "Num": 0, "DisplayName": "default", "Id": 79000}, {"ChampionId": 79, "Num": 1, "DisplayName": "Scuba Gragas", "Id": 79001}, {"ChampionId": 79, "Num": 2, "DisplayName": "Hillbilly Gragas", "Id": 79002}, {"ChampionId": 79, "Num": 3, "DisplayName": "Santa Gragas", "Id": 79003}, {"ChampionId": 79, "Num": 4, "DisplayName": "Gragas, Esq.", "Id": 79004}, {"ChampionId": 79, "Num": 5, "DisplayName": "Vandal Gragas", "Id": 79005}, {"ChampionId": 79, "Num": 6, "DisplayName": "Oktoberfest Gragas", "Id": 79006}, {"ChampionId": 79, "Num": 7, "DisplayName": "Superfan Gragas", "Id": 79007}, {"ChampionId": 79, "Num": 8, "DisplayName": "Fnatic Gragas", "Id": 79008}, {"ChampionId": 79, "Num": 9, "DisplayName": "Gragas Caskbreaker", "Id": 79009}], "DisplayName": "Gragas", "Id": 79, "Name": "Gragas"}, {"Skins": [{"ChampionId": 104, "Num": 0, "DisplayName": "default", "Id": 104000}, {"ChampionId": 104, "Num": 1, "DisplayName": "Hired Gun Graves", "Id": 104001}, {"ChampionId": 104, "Num": 2, "DisplayName": "Jailbreak Graves", "Id": 104002}, {"ChampionId": 104, "Num": 3, "DisplayName": "Mafia Graves", "Id": 104003}, {"ChampionId": 104, "Num": 4, "DisplayName": "Riot Graves", "Id": 104004}, {"ChampionId": 104, "Num": 5, "DisplayName": "Pool Party Graves", "Id": 104005}, {"ChampionId": 104, "Num": 6, "DisplayName": "Cutthroat Graves", "Id": 104006}], "DisplayName": "Graves", "Id": 104, "Name": "Graves"}, {"Skins": [{"ChampionId": 120, "Num": 0, "DisplayName": "default", "Id": 120000}, {"ChampionId": 120, "Num": 1, "DisplayName": "Blood Knight Hecarim", "Id": 120001}, {"ChampionId": 120, "Num": 2, "DisplayName": "Reaper Hecarim", "Id": 120002}, {"ChampionId": 120, "Num": 3, "DisplayName": "Headless Hecarim", "Id": 120003}, {"ChampionId": 120, "Num": 4, "DisplayName": "Arcade Hecarim", "Id": 120004}, {"ChampionId": 120, "Num": 5, "DisplayName": "Elderwood Hecarim", "Id": 120005}], "DisplayName": "Hecarim", "Id": 120, "Name": "Hecarim"}, {"Skins": [{"ChampionId": 74, "Num": 0, "DisplayName": "default", "Id": 74000}, {"ChampionId": 74, "Num": 1, "DisplayName": "Alien Invader Heimerdinger", "Id": 74001}, {"ChampionId": 74, "Num": 2, "DisplayName": "Blast Zone Heimerdinger", "Id": 74002}, {"ChampionId": 74, "Num": 3, "DisplayName": "Piltover Customs Heimerdinger", "Id": 74003}, {"ChampionId": 74, "Num": 4, "DisplayName": "Snowmerdinger", "Id": 74004}, {"ChampionId": 74, "Num": 5, "DisplayName": "Hazmat Heimerdinger", "Id": 74005}], "DisplayName": "Heimerdinger", "Id": 74, "Name": "Heimerdinger"}, {"Skins": [{"ChampionId": 420, "Num": 0, "DisplayName": "default", "Id": 420000}, {"ChampionId": 420, "Num": 1, "DisplayName": "Void Bringer Illaoi", "Id": 420001}], "DisplayName": "Illaoi", "Id": 420, "Name": "Illaoi"}, {"Skins": [{"ChampionId": 39, "Num": 0, "DisplayName": "default", "Id": 39000}, {"ChampionId": 39, "Num": 1, "DisplayName": "Nightblade Irelia", "Id": 39001}, {"ChampionId": 39, "Num": 2, "DisplayName": "Aviator Irelia", "Id": 39002}, {"ChampionId": 39, "Num": 3, "DisplayName": "Infiltrator Irelia", "Id": 39003}, {"ChampionId": 39, "Num": 4, "DisplayName": "Frostblade Irelia", "Id": 39004}, {"ChampionId": 39, "Num": 5, "DisplayName": "Order of the Lotus Irelia", "Id": 39005}], "DisplayName": "Irelia", "Id": 39, "Name": "Irelia"}, {"Skins": [{"ChampionId": 40, "Num": 0, "DisplayName": "default", "Id": 40000}, {"ChampionId": 40, "Num": 1, "DisplayName": "Tempest Janna", "Id": 40001}, {"ChampionId": 40, "Num": 2, "DisplayName": "Hextech Janna", "Id": 40002}, {"ChampionId": 40, "Num": 3, "DisplayName": "Frost Queen Janna", "Id": 40003}, {"ChampionId": 40, "Num": 4, "DisplayName": "Victorious Janna", "Id": 40004}, {"ChampionId": 40, "Num": 5, "DisplayName": "Forecast Janna", "Id": 40005}, {"ChampionId": 40, "Num": 6, "DisplayName": "Fnatic Janna", "Id": 40006}], "DisplayName": "Janna", "Id": 40, "Name": "Janna"}, {"Skins": [{"ChampionId": 59, "Num": 0, "DisplayName": "default", "Id": 59000}, {"ChampionId": 59, "Num": 1, "DisplayName": "Commando Jarvan IV", "Id": 59001}, {"ChampionId": 59, "Num": 2, "DisplayName": "Dragonslayer Jarvan IV", "Id": 59002}, {"ChampionId": 59, "Num": 3, "DisplayName": "Darkforge Jarvan IV", "Id": 59003}, {"ChampionId": 59, "Num": 4, "DisplayName": "Victorious Jarvan IV", "Id": 59004}, {"ChampionId": 59, "Num": 5, "DisplayName": "Warring Kingdoms Jarvan IV", "Id": 59005}, {"ChampionId": 59, "Num": 6, "DisplayName": "Fnatic Jarvan IV", "Id": 59006}], "DisplayName": "Jarvan IV", "Id": 59, "Name": "JarvanIV"}, {"Skins": [{"ChampionId": 24, "Num": 0, "DisplayName": "default", "Id": 24000}, {"ChampionId": 24, "Num": 1, "DisplayName": "The Mighty Jax", "Id": 24001}, {"ChampionId": 24, "Num": 2, "DisplayName": "Vandal Jax", "Id": 24002}, {"ChampionId": 24, "Num": 3, "DisplayName": "Angler Jax", "Id": 24003}, {"ChampionId": 24, "Num": 4, "DisplayName": "PAX Jax", "Id": 24004}, {"ChampionId": 24, "Num": 5, "DisplayName": "Jaximus", "Id": 24005}, {"ChampionId": 24, "Num": 6, "DisplayName": "Temple Jax", "Id": 24006}, {"ChampionId": 24, "Num": 7, "DisplayName": "Nemesis Jax", "Id": 24007}, {"ChampionId": 24, "Num": 8, "DisplayName": "SKT T1 Jax", "Id": 24008}, {"ChampionId": 24, "Num": 12, "DisplayName": "Warden Jax", "Id": 24012}], "DisplayName": "Jax", "Id": 24, "Name": "Jax"}, {"Skins": [{"ChampionId": 126, "Num": 0, "DisplayName": "default", "Id": 126000}, {"ChampionId": 126, "Num": 1, "DisplayName": "Full Metal Jayce", "Id": 126001}, {"ChampionId": 126, "Num": 2, "DisplayName": "Debonair Jayce", "Id": 126002}, {"ChampionId": 126, "Num": 3, "DisplayName": "Forsaken Jayce", "Id": 126003}], "DisplayName": "Jayce", "Id": 126, "Name": "Jayce"}, {"Skins": [{"ChampionId": 202, "Num": 0, "DisplayName": "default", "Id": 202000}, {"ChampionId": 202, "Num": 1, "DisplayName": "High Noon Jhin", "Id": 202001}], "DisplayName": "Jhin", "Id": 202, "Name": "Jhin"}, {"Skins": [{"ChampionId": 222, "Num": 0, "DisplayName": "default", "Id": 222000}, {"ChampionId": 222, "Num": 1, "DisplayName": "Mafia Jinx", "Id": 222001}, {"ChampionId": 222, "Num": 2, "DisplayName": "Firecracker Jinx", "Id": 222002}, {"ChampionId": 222, "Num": 3, "DisplayName": "Slayer Jinx", "Id": 222003}], "DisplayName": "Jinx", "Id": 222, "Name": "Jinx"}, {"Skins": [{"ChampionId": 429, "Num": 0, "DisplayName": "default", "Id": 429000}, {"ChampionId": 429, "Num": 1, "DisplayName": "Blood Moon Kalista", "Id": 429001}, {"ChampionId": 429, "Num": 2, "DisplayName": "Championship Kalista", "Id": 429002}], "DisplayName": "Kalista", "Id": 429, "Name": "Kalista"}, {"Skins": [{"ChampionId": 43, "Num": 0, "DisplayName": "default", "Id": 43000}, {"ChampionId": 43, "Num": 1, "DisplayName": "Sun Goddess Karma", "Id": 43001}, {"ChampionId": 43, "Num": 2, "DisplayName": "Sakura Karma", "Id": 43002}, {"ChampionId": 43, "Num": 3, "DisplayName": "Traditional Karma", "Id": 43003}, {"ChampionId": 43, "Num": 4, "DisplayName": "Order of the Lotus Karma", "Id": 43004}, {"ChampionId": 43, "Num": 5, "DisplayName": "Warden Karma", "Id": 43005}], "DisplayName": "Karma", "Id": 43, "Name": "Karma"}, {"Skins": [{"ChampionId": 30, "Num": 0, "DisplayName": "default", "Id": 30000}, {"ChampionId": 30, "Num": 1, "DisplayName": "Phantom Karthus", "Id": 30001}, {"ChampionId": 30, "Num": 2, "DisplayName": "Statue of Karthus", "Id": 30002}, {"ChampionId": 30, "Num": 3, "DisplayName": "Grim Reaper Karthus", "Id": 30003}, {"ChampionId": 30, "Num": 4, "DisplayName": "Pentakill Karthus", "Id": 30004}, {"ChampionId": 30, "Num": 5, "DisplayName": "Fnatic Karthus", "Id": 30005}], "DisplayName": "Karthus", "Id": 30, "Name": "Karthus"}, {"Skins": [{"ChampionId": 38, "Num": 0, "DisplayName": "default", "Id": 38000}, {"ChampionId": 38, "Num": 1, "DisplayName": "Festival Kassadin", "Id": 38001}, {"ChampionId": 38, "Num": 2, "DisplayName": "Deep One Kassadin", "Id": 38002}, {"ChampionId": 38, "Num": 3, "DisplayName": "Pre-Void Kassadin", "Id": 38003}, {"ChampionId": 38, "Num": 4, "DisplayName": "Harbinger Kassadin", "Id": 38004}, {"ChampionId": 38, "Num": 5, "DisplayName": "Cosmic Reaver Kassadin", "Id": 38005}], "DisplayName": "Kassadin", "Id": 38, "Name": "Kassadin"}, {"Skins": [{"ChampionId": 55, "Num": 0, "DisplayName": "default", "Id": 55000}, {"ChampionId": 55, "Num": 1, "DisplayName": "Mercenary Katarina", "Id": 55001}, {"ChampionId": 55, "Num": 2, "DisplayName": "Red Card Katarina", "Id": 55002}, {"ChampionId": 55, "Num": 3, "DisplayName": "Bilgewater Katarina", "Id": 55003}, {"ChampionId": 55, "Num": 4, "DisplayName": "Kitty Cat Katarina", "Id": 55004}, {"ChampionId": 55, "Num": 5, "DisplayName": "High Command Katarina", "Id": 55005}, {"ChampionId": 55, "Num": 6, "DisplayName": "Sandstorm Katarina", "Id": 55006}, {"ChampionId": 55, "Num": 7, "DisplayName": "Slay Belle Katarina", "Id": 55007}, {"ChampionId": 55, "Num": 8, "DisplayName": "Warring Kingdoms Katarina", "Id": 55008}], "DisplayName": "Katarina", "Id": 55, "Name": "Katarina"}, {"Skins": [{"ChampionId": 10, "Num": 0, "DisplayName": "default", "Id": 10000}, {"ChampionId": 10, "Num": 1, "DisplayName": "Silver Kayle", "Id": 10001}, {"ChampionId": 10, "Num": 2, "DisplayName": "Viridian Kayle", "Id": 10002}, {"ChampionId": 10, "Num": 3, "DisplayName": "Unmasked Kayle", "Id": 10003}, {"ChampionId": 10, "Num": 4, "DisplayName": "Battleborn Kayle", "Id": 10004}, {"ChampionId": 10, "Num": 5, "DisplayName": "Judgment Kayle", "Id": 10005}, {"ChampionId": 10, "Num": 6, "DisplayName": "Aether Wing Kayle", "Id": 10006}, {"ChampionId": 10, "Num": 7, "DisplayName": "Riot Kayle", "Id": 10007}, {"ChampionId": 10, "Num": 8, "DisplayName": "Iron Inquisitor Kayle", "Id": 10008}], "DisplayName": "Kayle", "Id": 10, "Name": "Kayle"}, {"Skins": [{"ChampionId": 85, "Num": 0, "DisplayName": "default", "Id": 85000}, {"ChampionId": 85, "Num": 1, "DisplayName": "Deadly Kennen", "Id": 85001}, {"ChampionId": 85, "Num": 2, "DisplayName": "Swamp Master Kennen", "Id": 85002}, {"ChampionId": 85, "Num": 3, "DisplayName": "Karate Kennen", "Id": 85003}, {"ChampionId": 85, "Num": 4, "DisplayName": "Kennen M.D.", "Id": 85004}, {"ChampionId": 85, "Num": 5, "DisplayName": "Arctic Ops Kennen", "Id": 85005}, {"ChampionId": 85, "Num": 6, "DisplayName": "Blood Moon Kennen", "Id": 85006}], "DisplayName": "Kennen", "Id": 85, "Name": "Kennen"}, {"Skins": [{"ChampionId": 121, "Num": 0, "DisplayName": "default", "Id": 121000}, {"ChampionId": 121, "Num": 1, "DisplayName": "Mecha Kha'Zix", "Id": 121001}, {"ChampionId": 121, "Num": 2, "DisplayName": "Guardian of the Sands Kha'Zix", "Id": 121002}, {"ChampionId": 121, "Num": 3, "DisplayName": "Death Blossom Kha'Zix", "Id": 121003}], "DisplayName": "Kha'Zix", "Id": 121, "Name": "Khazix"}, {"Skins": [{"ChampionId": 203, "Num": 0, "DisplayName": "default", "Id": 203000}, {"ChampionId": 203, "Num": 1, "DisplayName": "Shadowfire Kindred", "Id": 203001}], "DisplayName": "Kindred", "Id": 203, "Name": "Kindred"}, {"Skins": [{"ChampionId": 96, "Num": 0, "DisplayName": "default", "Id": 96000}, {"ChampionId": 96, "Num": 1, "DisplayName": "Caterpillar Kog'Maw", "Id": 96001}, {"ChampionId": 96, "Num": 2, "DisplayName": "Sonoran Kog'Maw", "Id": 96002}, {"ChampionId": 96, "Num": 3, "DisplayName": "Monarch Kog'Maw", "Id": 96003}, {"ChampionId": 96, "Num": 4, "DisplayName": "Reindeer Kog'Maw", "Id": 96004}, {"ChampionId": 96, "Num": 5, "DisplayName": "Lion Dance Kog'Maw", "Id": 96005}, {"ChampionId": 96, "Num": 6, "DisplayName": "Deep Sea Kog'Maw", "Id": 96006}, {"ChampionId": 96, "Num": 7, "DisplayName": "Jurassic Kog'Maw", "Id": 96007}, {"ChampionId": 96, "Num": 8, "DisplayName": "Battlecast Kog'Maw", "Id": 96008}], "DisplayName": "Kog'Maw", "Id": 96, "Name": "KogMaw"}, {"Skins": [{"ChampionId": 7, "Num": 0, "DisplayName": "default", "Id": 7000}, {"ChampionId": 7, "Num": 1, "DisplayName": "Wicked LeBlanc", "Id": 7001}, {"ChampionId": 7, "Num": 2, "DisplayName": "Prestigious LeBlanc", "Id": 7002}, {"ChampionId": 7, "Num": 3, "DisplayName": "Mistletoe LeBlanc", "Id": 7003}, {"ChampionId": 7, "Num": 4, "DisplayName": "Ravenborn LeBlanc", "Id": 7004}, {"ChampionId": 7, "Num": 5, "DisplayName": "Elderwood LeBlanc", "Id": 7005}], "DisplayName": "LeBlanc", "Id": 7, "Name": "Leblanc"}, {"Skins": [{"ChampionId": 64, "Num": 0, "DisplayName": "default", "Id": 64000}, {"ChampionId": 64, "Num": 1, "DisplayName": "Traditional Lee Sin", "Id": 64001}, {"ChampionId": 64, "Num": 2, "DisplayName": "Acolyte Lee Sin", "Id": 64002}, {"ChampionId": 64, "Num": 3, "DisplayName": "Dragon Fist Lee Sin", "Id": 64003}, {"ChampionId": 64, "Num": 4, "DisplayName": "Muay Thai Lee Sin", "Id": 64004}, {"ChampionId": 64, "Num": 5, "DisplayName": "Pool Party Lee Sin", "Id": 64005}, {"ChampionId": 64, "Num": 6, "DisplayName": "SKT T1 Lee Sin", "Id": 64006}, {"ChampionId": 64, "Num": 10, "DisplayName": "Knockout Lee Sin", "Id": 64010}], "DisplayName": "Lee Sin", "Id": 64, "Name": "LeeSin"}, {"Skins": [{"ChampionId": 89, "Num": 0, "DisplayName": "default", "Id": 89000}, {"ChampionId": 89, "Num": 1, "DisplayName": "Valkyrie Leona", "Id": 89001}, {"ChampionId": 89, "Num": 2, "DisplayName": "Defender Leona", "Id": 89002}, {"ChampionId": 89, "Num": 3, "DisplayName": "Iron Solari Leona", "Id": 89003}, {"ChampionId": 89, "Num": 4, "DisplayName": "Pool Party Leona", "Id": 89004}, {"ChampionId": 89, "Num": 8, "DisplayName": "PROJECT: Leona", "Id": 89008}], "DisplayName": "Leona", "Id": 89, "Name": "Leona"}, {"Skins": [{"ChampionId": 127, "Num": 0, "DisplayName": "default", "Id": 127000}, {"ChampionId": 127, "Num": 1, "DisplayName": "Bloodstone Lissandra", "Id": 127001}, {"ChampionId": 127, "Num": 2, "DisplayName": "Blade Queen Lissandra", "Id": 127002}, {"ChampionId": 127, "Num": 3, "DisplayName": "Program Lissandra", "Id": 127003}], "DisplayName": "Lissandra", "Id": 127, "Name": "Lissandra"}, {"Skins": [{"ChampionId": 236, "Num": 0, "DisplayName": "default", "Id": 236000}, {"ChampionId": 236, "Num": 1, "DisplayName": "Hired Gun Lucian", "Id": 236001}, {"ChampionId": 236, "Num": 2, "DisplayName": "Striker Lucian", "Id": 236002}, {"ChampionId": 236, "Num": 6, "DisplayName": "PROJECT: Lucian", "Id": 236006}], "DisplayName": "Lucian", "Id": 236, "Name": "Lucian"}, {"Skins": [{"ChampionId": 117, "Num": 0, "DisplayName": "default", "Id": 117000}, {"ChampionId": 117, "Num": 1, "DisplayName": "Bittersweet Lulu", "Id": 117001}, {"ChampionId": 117, "Num": 2, "DisplayName": "Wicked Lulu", "Id": 117002}, {"ChampionId": 117, "Num": 3, "DisplayName": "Dragon Trainer Lulu", "Id": 117003}, {"ChampionId": 117, "Num": 4, "DisplayName": "Winter Wonder Lulu", "Id": 117004}, {"ChampionId": 117, "Num": 5, "DisplayName": "Pool Party Lulu", "Id": 117005}], "DisplayName": "Lulu", "Id": 117, "Name": "Lulu"}, {"Skins": [{"ChampionId": 99, "Num": 0, "DisplayName": "default", "Id": 99000}, {"ChampionId": 99, "Num": 1, "DisplayName": "Sorceress Lux", "Id": 99001}, {"ChampionId": 99, "Num": 2, "DisplayName": "Spellthief Lux", "Id": 99002}, {"ChampionId": 99, "Num": 3, "DisplayName": "Commando Lux", "Id": 99003}, {"ChampionId": 99, "Num": 4, "DisplayName": "Imperial Lux", "Id": 99004}, {"ChampionId": 99, "Num": 5, "DisplayName": "Steel Legion Lux", "Id": 99005}, {"ChampionId": 99, "Num": 6, "DisplayName": "Star Guardian Lux", "Id": 99006}], "DisplayName": "Lux", "Id": 99, "Name": "Lux"}, {"Skins": [{"ChampionId": 54, "Num": 0, "DisplayName": "default", "Id": 54000}, {"ChampionId": 54, "Num": 1, "DisplayName": "Shamrock Malphite", "Id": 54001}, {"ChampionId": 54, "Num": 2, "DisplayName": "Coral Reef Malphite", "Id": 54002}, {"ChampionId": 54, "Num": 3, "DisplayName": "Marble Malphite", "Id": 54003}, {"ChampionId": 54, "Num": 4, "DisplayName": "Obsidian Malphite", "Id": 54004}, {"ChampionId": 54, "Num": 5, "DisplayName": "Glacial Malphite", "Id": 54005}, {"ChampionId": 54, "Num": 6, "DisplayName": "Mecha Malphite", "Id": 54006}, {"ChampionId": 54, "Num": 7, "DisplayName": "Ironside Malphite", "Id": 54007}], "DisplayName": "Malphite", "Id": 54, "Name": "Malphite"}, {"Skins": [{"ChampionId": 90, "Num": 0, "DisplayName": "default", "Id": 90000}, {"ChampionId": 90, "Num": 1, "DisplayName": "Vizier Malzahar", "Id": 90001}, {"ChampionId": 90, "Num": 2, "DisplayName": "Shadow Prince Malzahar", "Id": 90002}, {"ChampionId": 90, "Num": 3, "DisplayName": "Djinn Malzahar", "Id": 90003}, {"ChampionId": 90, "Num": 4, "DisplayName": "Overlord Malzahar", "Id": 90004}, {"ChampionId": 90, "Num": 5, "DisplayName": "Snow Day Malzahar", "Id": 90005}], "DisplayName": "Malzahar", "Id": 90, "Name": "Malzahar"}, {"Skins": [{"ChampionId": 57, "Num": 0, "DisplayName": "default", "Id": 57000}, {"ChampionId": 57, "Num": 1, "DisplayName": "Charred Maokai", "Id": 57001}, {"ChampionId": 57, "Num": 2, "DisplayName": "Totemic Maokai", "Id": 57002}, {"ChampionId": 57, "Num": 3, "DisplayName": "Festive Maokai", "Id": 57003}, {"ChampionId": 57, "Num": 4, "DisplayName": "Haunted Maokai", "Id": 57004}, {"ChampionId": 57, "Num": 5, "DisplayName": "Goalkeeper Maokai", "Id": 57005}, {"ChampionId": 57, "Num": 6, "DisplayName": "Meowkai", "Id": 57006}], "DisplayName": "Maokai", "Id": 57, "Name": "Maokai"}, {"Skins": [{"ChampionId": 11, "Num": 0, "DisplayName": "default", "Id": 11000}, {"ChampionId": 11, "Num": 1, "DisplayName": "Assassin Master Yi", "Id": 11001}, {"ChampionId": 11, "Num": 2, "DisplayName": "Chosen Master Yi", "Id": 11002}, {"ChampionId": 11, "Num": 3, "DisplayName": "Ionia Master Yi", "Id": 11003}, {"ChampionId": 11, "Num": 4, "DisplayName": "Samurai Yi", "Id": 11004}, {"ChampionId": 11, "Num": 5, "DisplayName": "Headhunter Master Yi", "Id": 11005}, {"ChampionId": 11, "Num": 9, "DisplayName": "PROJECT: Yi", "Id": 11009}], "DisplayName": "Master Yi", "Id": 11, "Name": "MasterYi"}, {"Skins": [{"ChampionId": 21, "Num": 0, "DisplayName": "default", "Id": 21000}, {"ChampionId": 21, "Num": 1, "DisplayName": "Cowgirl Miss Fortune", "Id": 21001}, {"ChampionId": 21, "Num": 2, "DisplayName": "Waterloo Miss Fortune", "Id": 21002}, {"ChampionId": 21, "Num": 3, "DisplayName": "Secret Agent Miss Fortune", "Id": 21003}, {"ChampionId": 21, "Num": 4, "DisplayName": "Candy Cane Miss Fortune", "Id": 21004}, {"ChampionId": 21, "Num": 5, "DisplayName": "Road Warrior Miss Fortune", "Id": 21005}, {"ChampionId": 21, "Num": 6, "DisplayName": "Mafia Miss Fortune", "Id": 21006}, {"ChampionId": 21, "Num": 7, "DisplayName": "Arcade Miss Fortune", "Id": 21007}, {"ChampionId": 21, "Num": 8, "DisplayName": "Captain Fortune", "Id": 21008}], "DisplayName": "Miss Fortune", "Id": 21, "Name": "MissFortune"}, {"Skins": [{"ChampionId": 62, "Num": 0, "DisplayName": "default", "Id": 62000}, {"ChampionId": 62, "Num": 1, "DisplayName": "Volcanic Wukong", "Id": 62001}, {"ChampionId": 62, "Num": 2, "DisplayName": "General Wukong", "Id": 62002}, {"ChampionId": 62, "Num": 3, "DisplayName": "Jade Dragon Wukong", "Id": 62003}, {"ChampionId": 62, "Num": 4, "DisplayName": "Underworld Wukong", "Id": 62004}, {"ChampionId": 62, "Num": 5, "DisplayName": "Radiant Wukong", "Id": 62005}], "DisplayName": "Wukong", "Id": 62, "Name": "MonkeyKing"}, {"Skins": [{"ChampionId": 82, "Num": 0, "DisplayName": "default", "Id": 82000}, {"ChampionId": 82, "Num": 1, "DisplayName": "Dragon Knight Mordekaiser", "Id": 82001}, {"ChampionId": 82, "Num": 2, "DisplayName": "Infernal Mordekaiser", "Id": 82002}, {"ChampionId": 82, "Num": 3, "DisplayName": "Pentakill Mordekaiser", "Id": 82003}, {"ChampionId": 82, "Num": 4, "DisplayName": "Lord Mordekaiser", "Id": 82004}, {"ChampionId": 82, "Num": 5, "DisplayName": "King of Clubs Mordekaiser", "Id": 82005}], "DisplayName": "Mordekaiser", "Id": 82, "Name": "Mordekaiser"}, {"Skins": [{"ChampionId": 25, "Num": 0, "DisplayName": "default", "Id": 25000}, {"ChampionId": 25, "Num": 1, "DisplayName": "Exiled Morgana", "Id": 25001}, {"ChampionId": 25, "Num": 2, "DisplayName": "Sinful Succulence Morgana", "Id": 25002}, {"ChampionId": 25, "Num": 3, "DisplayName": "Blade Mistress Morgana", "Id": 25003}, {"ChampionId": 25, "Num": 4, "DisplayName": "Blackthorn Morgana", "Id": 25004}, {"ChampionId": 25, "Num": 5, "DisplayName": "Ghost Bride Morgana", "Id": 25005}, {"ChampionId": 25, "Num": 6, "DisplayName": "Victorious Morgana", "Id": 25006}, {"ChampionId": 25, "Num": 10, "DisplayName": "Lunar Wraith Morgana", "Id": 25010}], "DisplayName": "Morgana", "Id": 25, "Name": "Morgana"}, {"Skins": [{"ChampionId": 267, "Num": 0, "DisplayName": "default", "Id": 267000}, {"ChampionId": 267, "Num": 1, "DisplayName": "Koi Nami", "Id": 267001}, {"ChampionId": 267, "Num": 2, "DisplayName": "River Spirit Nami", "Id": 267002}, {"ChampionId": 267, "Num": 3, "DisplayName": "Urf the Nami-tee", "Id": 267003}], "DisplayName": "Nami", "Id": 267, "Name": "Nami"}, {"Skins": [{"ChampionId": 75, "Num": 0, "DisplayName": "default", "Id": 75000}, {"ChampionId": 75, "Num": 1, "DisplayName": "Galactic Nasus", "Id": 75001}, {"ChampionId": 75, "Num": 2, "DisplayName": "Pharaoh Nasus", "Id": 75002}, {"ChampionId": 75, "Num": 3, "DisplayName": "Dreadknight Nasus", "Id": 75003}, {"ChampionId": 75, "Num": 4, "DisplayName": "Riot K-9 Nasus", "Id": 75004}, {"ChampionId": 75, "Num": 5, "DisplayName": "Infernal Nasus", "Id": 75005}, {"ChampionId": 75, "Num": 6, "DisplayName": "Archduke Nasus", "Id": 75006}], "DisplayName": "Nasus", "Id": 75, "Name": "Nasus"}, {"Skins": [{"ChampionId": 111, "Num": 0, "DisplayName": "default", "Id": 111000}, {"ChampionId": 111, "Num": 1, "DisplayName": "Abyssal Nautilus", "Id": 111001}, {"ChampionId": 111, "Num": 2, "DisplayName": "Subterranean Nautilus", "Id": 111002}, {"ChampionId": 111, "Num": 3, "DisplayName": "AstroNautilus", "Id": 111003}, {"ChampionId": 111, "Num": 4, "DisplayName": "Warden Nautilus", "Id": 111004}], "DisplayName": "Nautilus", "Id": 111, "Name": "Nautilus"}, {"Skins": [{"ChampionId": 76, "Num": 0, "DisplayName": "default", "Id": 76000}, {"ChampionId": 76, "Num": 1, "DisplayName": "Snow Bunny Nidalee", "Id": 76001}, {"ChampionId": 76, "Num": 2, "DisplayName": "Leopard Nidalee", "Id": 76002}, {"ChampionId": 76, "Num": 3, "DisplayName": "French Maid Nidalee", "Id": 76003}, {"ChampionId": 76, "Num": 4, "DisplayName": "Pharaoh Nidalee", "Id": 76004}, {"ChampionId": 76, "Num": 5, "DisplayName": "Bewitching Nidalee", "Id": 76005}, {"ChampionId": 76, "Num": 6, "DisplayName": "Headhunter Nidalee", "Id": 76006}, {"ChampionId": 76, "Num": 7, "DisplayName": "Warring Kingdoms Nidalee", "Id": 76007}, {"ChampionId": 76, "Num": 8, "DisplayName": "Challenger Nidalee", "Id": 76008}], "DisplayName": "Nidalee", "Id": 76, "Name": "Nidalee"}, {"Skins": [{"ChampionId": 56, "Num": 0, "DisplayName": "default", "Id": 56000}, {"ChampionId": 56, "Num": 1, "DisplayName": "Frozen Terror Nocturne", "Id": 56001}, {"ChampionId": 56, "Num": 2, "DisplayName": "Void Nocturne", "Id": 56002}, {"ChampionId": 56, "Num": 3, "DisplayName": "Ravager Nocturne", "Id": 56003}, {"ChampionId": 56, "Num": 4, "DisplayName": "Haunting Nocturne", "Id": 56004}, {"ChampionId": 56, "Num": 5, "DisplayName": "Eternum Nocturne", "Id": 56005}, {"ChampionId": 56, "Num": 6, "DisplayName": "Cursed Revenant Nocturne", "Id": 56006}], "DisplayName": "Nocturne", "Id": 56, "Name": "Nocturne"}, {"Skins": [{"ChampionId": 20, "Num": 0, "DisplayName": "default", "Id": 20000}, {"ChampionId": 20, "Num": 1, "DisplayName": "Sasquatch Nunu", "Id": 20001}, {"ChampionId": 20, "Num": 2, "DisplayName": "Workshop Nunu", "Id": 20002}, {"ChampionId": 20, "Num": 3, "DisplayName": "Grungy Nunu", "Id": 20003}, {"ChampionId": 20, "Num": 4, "DisplayName": "Nunu Bot", "Id": 20004}, {"ChampionId": 20, "Num": 5, "DisplayName": "Demolisher Nunu", "Id": 20005}, {"ChampionId": 20, "Num": 6, "DisplayName": "TPA Nunu", "Id": 20006}, {"ChampionId": 20, "Num": 7, "DisplayName": "Zombie Nunu", "Id": 20007}], "DisplayName": "Nunu", "Id": 20, "Name": "Nunu"}, {"Skins": [{"ChampionId": 2, "Num": 0, "DisplayName": "default", "Id": 2000}, {"ChampionId": 2, "Num": 1, "DisplayName": "Forsaken Olaf", "Id": 2001}, {"ChampionId": 2, "Num": 2, "DisplayName": "Glacial Olaf", "Id": 2002}, {"ChampionId": 2, "Num": 3, "DisplayName": "Brolaf", "Id": 2003}, {"ChampionId": 2, "Num": 4, "DisplayName": "Pentakill Olaf", "Id": 2004}, {"ChampionId": 2, "Num": 5, "DisplayName": "Marauder Olaf", "Id": 2005}], "DisplayName": "Olaf", "Id": 2, "Name": "Olaf"}, {"Skins": [{"ChampionId": 61, "Num": 0, "DisplayName": "default", "Id": 61000}, {"ChampionId": 61, "Num": 1, "DisplayName": "Gothic Orianna", "Id": 61001}, {"ChampionId": 61, "Num": 2, "DisplayName": "Sewn Chaos Orianna", "Id": 61002}, {"ChampionId": 61, "Num": 3, "DisplayName": "Bladecraft Orianna", "Id": 61003}, {"ChampionId": 61, "Num": 4, "DisplayName": "TPA Orianna", "Id": 61004}, {"ChampionId": 61, "Num": 5, "DisplayName": "Winter Wonder Orianna", "Id": 61005}, {"ChampionId": 61, "Num": 6, "DisplayName": "Heartseeker Orianna", "Id": 61006}], "DisplayName": "Orianna", "Id": 61, "Name": "Orianna"}, {"Skins": [{"ChampionId": 80, "Num": 0, "DisplayName": "default", "Id": 80000}, {"ChampionId": 80, "Num": 1, "DisplayName": "Myrmidon Pantheon", "Id": 80001}, {"ChampionId": 80, "Num": 2, "DisplayName": "Ruthless Pantheon", "Id": 80002}, {"ChampionId": 80, "Num": 3, "DisplayName": "Perseus Pantheon", "Id": 80003}, {"ChampionId": 80, "Num": 4, "DisplayName": "Full Metal Pantheon", "Id": 80004}, {"ChampionId": 80, "Num": 5, "DisplayName": "Glaive Warrior Pantheon", "Id": 80005}, {"ChampionId": 80, "Num": 6, "DisplayName": "Dragonslayer Pantheon", "Id": 80006}, {"ChampionId": 80, "Num": 7, "DisplayName": "Slayer Pantheon", "Id": 80007}], "DisplayName": "Pantheon", "Id": 80, "Name": "Pantheon"}, {"Skins": [{"ChampionId": 78, "Num": 0, "DisplayName": "default", "Id": 78000}, {"ChampionId": 78, "Num": 1, "DisplayName": "Noxus Poppy", "Id": 78001}, {"ChampionId": 78, "Num": 2, "DisplayName": "Lollipoppy", "Id": 78002}, {"ChampionId": 78, "Num": 3, "DisplayName": "Blacksmith Poppy", "Id": 78003}, {"ChampionId": 78, "Num": 4, "DisplayName": "Ragdoll Poppy", "Id": 78004}, {"ChampionId": 78, "Num": 5, "DisplayName": "Battle Regalia Poppy", "Id": 78005}, {"ChampionId": 78, "Num": 6, "DisplayName": "Scarlet Hammer Poppy", "Id": 78006}], "DisplayName": "Poppy", "Id": 78, "Name": "Poppy"}, {"Skins": [{"ChampionId": 133, "Num": 0, "DisplayName": "default", "Id": 133000}, {"ChampionId": 133, "Num": 1, "DisplayName": "Phoenix Quinn", "Id": 133001}, {"ChampionId": 133, "Num": 2, "DisplayName": "Woad Scout Quinn", "Id": 133002}, {"ChampionId": 133, "Num": 3, "DisplayName": "Corsair Quinn", "Id": 133003}], "DisplayName": "Quinn", "Id": 133, "Name": "Quinn"}, {"Skins": [{"ChampionId": 33, "Num": 0, "DisplayName": "default", "Id": 33000}, {"ChampionId": 33, "Num": 1, "DisplayName": "King Rammus", "Id": 33001}, {"ChampionId": 33, "Num": 2, "DisplayName": "Chrome Rammus", "Id": 33002}, {"ChampionId": 33, "Num": 3, "DisplayName": "Molten Rammus", "Id": 33003}, {"ChampionId": 33, "Num": 4, "DisplayName": "Freljord Rammus", "Id": 33004}, {"ChampionId": 33, "Num": 5, "DisplayName": "Ninja Rammus", "Id": 33005}, {"ChampionId": 33, "Num": 6, "DisplayName": "Full Metal Rammus", "Id": 33006}, {"ChampionId": 33, "Num": 7, "DisplayName": "Guardian of the Sands Rammus", "Id": 33007}], "DisplayName": "Rammus", "Id": 33, "Name": "Rammus"}, {"Skins": [{"ChampionId": 421, "Num": 0, "DisplayName": "default", "Id": 421000}, {"ChampionId": 421, "Num": 1, "DisplayName": "Eternum Rek'Sai", "Id": 421001}, {"ChampionId": 421, "Num": 2, "DisplayName": "Pool Party Rek'Sai", "Id": 421002}], "DisplayName": "Rek'Sai", "Id": 421, "Name": "RekSai"}, {"Skins": [{"ChampionId": 58, "Num": 0, "DisplayName": "default", "Id": 58000}, {"ChampionId": 58, "Num": 1, "DisplayName": "Galactic Renekton", "Id": 58001}, {"ChampionId": 58, "Num": 2, "DisplayName": "Outback Renekton", "Id": 58002}, {"ChampionId": 58, "Num": 3, "DisplayName": "Bloodfury Renekton", "Id": 58003}, {"ChampionId": 58, "Num": 4, "DisplayName": "Rune Wars Renekton", "Id": 58004}, {"ChampionId": 58, "Num": 5, "DisplayName": "Scorched Earth Renekton", "Id": 58005}, {"ChampionId": 58, "Num": 6, "DisplayName": "Pool Party Renekton", "Id": 58006}, {"ChampionId": 58, "Num": 7, "DisplayName": "Prehistoric Renekton", "Id": 58007}, {"ChampionId": 58, "Num": 8, "DisplayName": "SKT T1 Renekton", "Id": 58008}], "DisplayName": "Renekton", "Id": 58, "Name": "Renekton"}, {"Skins": [{"ChampionId": 107, "Num": 0, "DisplayName": "default", "Id": 107000}, {"ChampionId": 107, "Num": 1, "DisplayName": "Headhunter Rengar", "Id": 107001}, {"ChampionId": 107, "Num": 2, "DisplayName": "Night Hunter Rengar", "Id": 107002}, {"ChampionId": 107, "Num": 3, "DisplayName": "SSW Rengar", "Id": 107003}], "DisplayName": "Rengar", "Id": 107, "Name": "Rengar"}, {"Skins": [{"ChampionId": 92, "Num": 0, "DisplayName": "default", "Id": 92000}, {"ChampionId": 92, "Num": 1, "DisplayName": "Redeemed Riven", "Id": 92001}, {"ChampionId": 92, "Num": 2, "DisplayName": "Crimson Elite Riven", "Id": 92002}, {"ChampionId": 92, "Num": 3, "DisplayName": "Battle Bunny Riven", "Id": 92003}, {"ChampionId": 92, "Num": 4, "DisplayName": "Championship Riven", "Id": 92004}, {"ChampionId": 92, "Num": 5, "DisplayName": "Dragonblade Riven", "Id": 92005}, {"ChampionId": 92, "Num": 6, "DisplayName": "Arcade Riven", "Id": 92006}], "DisplayName": "Riven", "Id": 92, "Name": "Riven"}, {"Skins": [{"ChampionId": 68, "Num": 0, "DisplayName": "default", "Id": 68000}, {"ChampionId": 68, "Num": 1, "DisplayName": "Rumble in the Jungle", "Id": 68001}, {"ChampionId": 68, "Num": 2, "DisplayName": "Bilgerat Rumble", "Id": 68002}, {"ChampionId": 68, "Num": 3, "DisplayName": "Super Galaxy Rumble", "Id": 68003}], "DisplayName": "Rumble", "Id": 68, "Name": "Rumble"}, {"Skins": [{"ChampionId": 13, "Num": 0, "DisplayName": "default", "Id": 13000}, {"ChampionId": 13, "Num": 1, "DisplayName": "Human Ryze", "Id": 13001}, {"ChampionId": 13, "Num": 2, "DisplayName": "Tribal Ryze", "Id": 13002}, {"ChampionId": 13, "Num": 3, "DisplayName": "Uncle Ryze", "Id": 13003}, {"ChampionId": 13, "Num": 4, "DisplayName": "Triumphant Ryze", "Id": 13004}, {"ChampionId": 13, "Num": 5, "DisplayName": "Professor Ryze", "Id": 13005}, {"ChampionId": 13, "Num": 6, "DisplayName": "Zombie Ryze", "Id": 13006}, {"ChampionId": 13, "Num": 7, "DisplayName": "Dark Crystal Ryze", "Id": 13007}, {"ChampionId": 13, "Num": 8, "DisplayName": "Pirate Ryze", "Id": 13008}, {"ChampionId": 13, "Num": 9, "DisplayName": "Ryze Whitebeard", "Id": 13009}, {"ChampionId": 13, "Num": 10, "DisplayName": "SKT T1 Ryze", "Id": 13010}], "DisplayName": "Ryze", "Id": 13, "Name": "Ryze"}, {"Skins": [{"ChampionId": 113, "Num": 0, "DisplayName": "default", "Id": 113000}, {"ChampionId": 113, "Num": 1, "DisplayName": "Sabretusk Sejuani", "Id": 113001}, {"ChampionId": 113, "Num": 2, "DisplayName": "Darkrider Sejuani", "Id": 113002}, {"ChampionId": 113, "Num": 3, "DisplayName": "Traditional Sejuani", "Id": 113003}, {"ChampionId": 113, "Num": 4, "DisplayName": "Bear Cavalry Sejuani", "Id": 113004}, {"ChampionId": 113, "Num": 5, "DisplayName": "Poro Rider Sejuani", "Id": 113005}, {"ChampionId": 113, "Num": 6, "DisplayName": "Beast Hunter Sejuani", "Id": 113006}], "DisplayName": "Sejuani", "Id": 113, "Name": "Sejuani"}, {"Skins": [{"ChampionId": 35, "Num": 0, "DisplayName": "default", "Id": 35000}, {"ChampionId": 35, "Num": 1, "DisplayName": "Mad Hatter Shaco", "Id": 35001}, {"ChampionId": 35, "Num": 2, "DisplayName": "Royal Shaco", "Id": 35002}, {"ChampionId": 35, "Num": 3, "DisplayName": "Nutcracko", "Id": 35003}, {"ChampionId": 35, "Num": 4, "DisplayName": "Workshop Shaco", "Id": 35004}, {"ChampionId": 35, "Num": 5, "DisplayName": "Asylum Shaco", "Id": 35005}, {"ChampionId": 35, "Num": 6, "DisplayName": "Masked Shaco", "Id": 35006}, {"ChampionId": 35, "Num": 7, "DisplayName": "Wild Card Shaco", "Id": 35007}], "DisplayName": "Shaco", "Id": 35, "Name": "Shaco"}, {"Skins": [{"ChampionId": 98, "Num": 0, "DisplayName": "default", "Id": 98000}, {"ChampionId": 98, "Num": 1, "DisplayName": "Frozen Shen", "Id": 98001}, {"ChampionId": 98, "Num": 2, "DisplayName": "Yellow Jacket Shen", "Id": 98002}, {"ChampionId": 98, "Num": 3, "DisplayName": "Surgeon Shen", "Id": 98003}, {"ChampionId": 98, "Num": 4, "DisplayName": "Blood Moon Shen", "Id": 98004}, {"ChampionId": 98, "Num": 5, "DisplayName": "Warlord Shen", "Id": 98005}, {"ChampionId": 98, "Num": 6, "DisplayName": "TPA Shen", "Id": 98006}], "DisplayName": "Shen", "Id": 98, "Name": "Shen"}, {"Skins": [{"ChampionId": 102, "Num": 0, "DisplayName": "default", "Id": 102000}, {"ChampionId": 102, "Num": 1, "DisplayName": "Ironscale Shyvana", "Id": 102001}, {"ChampionId": 102, "Num": 2, "DisplayName": "Boneclaw Shyvana", "Id": 102002}, {"ChampionId": 102, "Num": 3, "DisplayName": "Darkflame Shyvana", "Id": 102003}, {"ChampionId": 102, "Num": 4, "DisplayName": "Ice Drake Shyvana", "Id": 102004}, {"ChampionId": 102, "Num": 5, "DisplayName": "Championship Shyvana", "Id": 102005}], "DisplayName": "Shyvana", "Id": 102, "Name": "Shyvana"}, {"Skins": [{"ChampionId": 27, "Num": 0, "DisplayName": "default", "Id": 27000}, {"ChampionId": 27, "Num": 1, "DisplayName": "Riot Squad Singed", "Id": 27001}, {"ChampionId": 27, "Num": 2, "DisplayName": "Hextech Singed", "Id": 27002}, {"ChampionId": 27, "Num": 3, "DisplayName": "Surfer Singed", "Id": 27003}, {"ChampionId": 27, "Num": 4, "DisplayName": "Mad Scientist Singed", "Id": 27004}, {"ChampionId": 27, "Num": 5, "DisplayName": "Augmented Singed", "Id": 27005}, {"ChampionId": 27, "Num": 6, "DisplayName": "Snow Day Singed", "Id": 27006}, {"ChampionId": 27, "Num": 7, "DisplayName": "SSW Singed", "Id": 27007}, {"ChampionId": 27, "Num": 8, "DisplayName": "Black Scourge Singed", "Id": 27008}], "DisplayName": "Singed", "Id": 27, "Name": "Singed"}, {"Skins": [{"ChampionId": 14, "Num": 0, "DisplayName": "default", "Id": 14000}, {"ChampionId": 14, "Num": 1, "DisplayName": "Hextech Sion", "Id": 14001}, {"ChampionId": 14, "Num": 2, "DisplayName": "Barbarian Sion", "Id": 14002}, {"ChampionId": 14, "Num": 3, "DisplayName": "Lumberjack Sion", "Id": 14003}, {"ChampionId": 14, "Num": 4, "DisplayName": "Warmonger Sion", "Id": 14004}, {"ChampionId": 14, "Num": 5, "DisplayName": "Mecha Zero Sion", "Id": 14005}], "DisplayName": "Sion", "Id": 14, "Name": "Sion"}, {"Skins": [{"ChampionId": 15, "Num": 0, "DisplayName": "default", "Id": 15000}, {"ChampionId": 15, "Num": 1, "DisplayName": "Warrior Princess Sivir", "Id": 15001}, {"ChampionId": 15, "Num": 2, "DisplayName": "Spectacular Sivir", "Id": 15002}, {"ChampionId": 15, "Num": 3, "DisplayName": "Huntress Sivir", "Id": 15003}, {"ChampionId": 15, "Num": 4, "DisplayName": "Bandit Sivir", "Id": 15004}, {"ChampionId": 15, "Num": 5, "DisplayName": "PAX Sivir", "Id": 15005}, {"ChampionId": 15, "Num": 6, "DisplayName": "Snowstorm Sivir", "Id": 15006}, {"ChampionId": 15, "Num": 7, "DisplayName": "Warden Sivir", "Id": 15007}, {"ChampionId": 15, "Num": 8, "DisplayName": "Victorious Sivir", "Id": 15008}, {"ChampionId": 15, "Num": 9, "DisplayName": "SKT T1 Sivir", "Id": 15009}], "DisplayName": "Sivir", "Id": 15, "Name": "Sivir"}, {"Skins": [{"ChampionId": 72, "Num": 0, "DisplayName": "default", "Id": 72000}, {"ChampionId": 72, "Num": 1, "DisplayName": "Sandscourge Skarner", "Id": 72001}, {"ChampionId": 72, "Num": 2, "DisplayName": "Earthrune Skarner", "Id": 72002}, {"ChampionId": 72, "Num": 3, "DisplayName": "Battlecast Alpha Skarner", "Id": 72003}, {"ChampionId": 72, "Num": 4, "DisplayName": "Guardian of the Sands Skarner", "Id": 72004}], "DisplayName": "Skarner", "Id": 72, "Name": "Skarner"}, {"Skins": [{"ChampionId": 37, "Num": 0, "DisplayName": "default", "Id": 37000}, {"ChampionId": 37, "Num": 1, "DisplayName": "Muse Sona", "Id": 37001}, {"ChampionId": 37, "Num": 2, "DisplayName": "Pentakill Sona", "Id": 37002}, {"ChampionId": 37, "Num": 3, "DisplayName": "Silent Night Sona", "Id": 37003}, {"ChampionId": 37, "Num": 4, "DisplayName": "Guqin Sona", "Id": 37004}, {"ChampionId": 37, "Num": 5, "DisplayName": "Arcade Sona", "Id": 37005}, {"ChampionId": 37, "Num": 6, "DisplayName": "DJ Sona", "Id": 37006}, {"ChampionId": 37, "Num": 7, "DisplayName": "Sweetheart Sona", "Id": 37007}], "DisplayName": "Sona", "Id": 37, "Name": "Sona"}, {"Skins": [{"ChampionId": 16, "Num": 0, "DisplayName": "default", "Id": 16000}, {"ChampionId": 16, "Num": 1, "DisplayName": "Dryad Soraka", "Id": 16001}, {"ChampionId": 16, "Num": 2, "DisplayName": "Divine Soraka", "Id": 16002}, {"ChampionId": 16, "Num": 3, "DisplayName": "Celestine Soraka", "Id": 16003}, {"ChampionId": 16, "Num": 4, "DisplayName": "Reaper Soraka", "Id": 16004}, {"ChampionId": 16, "Num": 5, "DisplayName": "Order of the Banana Soraka", "Id": 16005}, {"ChampionId": 16, "Num": 6, "DisplayName": "Program Soraka", "Id": 16006}], "DisplayName": "Soraka", "Id": 16, "Name": "Soraka"}, {"Skins": [{"ChampionId": 50, "Num": 0, "DisplayName": "default", "Id": 50000}, {"ChampionId": 50, "Num": 1, "DisplayName": "Northern Front Swain", "Id": 50001}, {"ChampionId": 50, "Num": 2, "DisplayName": "Bilgewater Swain", "Id": 50002}, {"ChampionId": 50, "Num": 3, "DisplayName": "Tyrant Swain", "Id": 50003}], "DisplayName": "Swain", "Id": 50, "Name": "Swain"}, {"Skins": [{"ChampionId": 134, "Num": 0, "DisplayName": "default", "Id": 134000}, {"ChampionId": 134, "Num": 1, "DisplayName": "Justicar Syndra", "Id": 134001}, {"ChampionId": 134, "Num": 2, "DisplayName": "Atlantean Syndra", "Id": 134002}, {"ChampionId": 134, "Num": 3, "DisplayName": "Queen of Diamonds Syndra", "Id": 134003}, {"ChampionId": 134, "Num": 4, "DisplayName": "Snow Day Syndra", "Id": 134004}], "DisplayName": "Syndra", "Id": 134, "Name": "Syndra"}, {"Skins": [{"ChampionId": 223, "Num": 0, "DisplayName": "default", "Id": 223000}, {"ChampionId": 223, "Num": 1, "DisplayName": "Master Chef Tahm Kench", "Id": 223001}, {"ChampionId": 223, "Num": 2, "DisplayName": "Urf Kench", "Id": 223002}], "DisplayName": "Tahm Kench", "Id": 223, "Name": "TahmKench"}, {"Skins": [{"ChampionId": 91, "Num": 0, "DisplayName": "default", "Id": 91000}, {"ChampionId": 91, "Num": 1, "DisplayName": "Renegade Talon", "Id": 91001}, {"ChampionId": 91, "Num": 2, "DisplayName": "Crimson Elite Talon", "Id": 91002}, {"ChampionId": 91, "Num": 3, "DisplayName": "Dragonblade Talon", "Id": 91003}, {"ChampionId": 91, "Num": 4, "DisplayName": "SSW Talon", "Id": 91004}], "DisplayName": "Talon", "Id": 91, "Name": "Talon"}, {"Skins": [{"ChampionId": 44, "Num": 0, "DisplayName": "default", "Id": 44000}, {"ChampionId": 44, "Num": 1, "DisplayName": "Emerald Taric", "Id": 44001}, {"ChampionId": 44, "Num": 2, "DisplayName": "Armor of the Fifth Age Taric", "Id": 44002}, {"ChampionId": 44, "Num": 3, "DisplayName": "Bloodstone Taric", "Id": 44003}], "DisplayName": "Taric", "Id": 44, "Name": "Taric"}, {"Skins": [{"ChampionId": 17, "Num": 0, "DisplayName": "default", "Id": 17000}, {"ChampionId": 17, "Num": 1, "DisplayName": "Happy Elf Teemo", "Id": 17001}, {"ChampionId": 17, "Num": 2, "DisplayName": "Recon Teemo", "Id": 17002}, {"ChampionId": 17, "Num": 3, "DisplayName": "Badger Teemo", "Id": 17003}, {"ChampionId": 17, "Num": 4, "DisplayName": "Astronaut Teemo", "Id": 17004}, {"ChampionId": 17, "Num": 5, "DisplayName": "Cottontail Teemo", "Id": 17005}, {"ChampionId": 17, "Num": 6, "DisplayName": "Super Teemo", "Id": 17006}, {"ChampionId": 17, "Num": 7, "DisplayName": "Panda Teemo", "Id": 17007}, {"ChampionId": 17, "Num": 8, "DisplayName": "Omega Squad Teemo", "Id": 17008}], "DisplayName": "Teemo", "Id": 17, "Name": "Teemo"}, {"Skins": [{"ChampionId": 412, "Num": 0, "DisplayName": "default", "Id": 412000}, {"ChampionId": 412, "Num": 1, "DisplayName": "Deep Terror Thresh", "Id": 412001}, {"ChampionId": 412, "Num": 2, "DisplayName": "Championship Thresh", "Id": 412002}, {"ChampionId": 412, "Num": 3, "DisplayName": "Blood Moon Thresh", "Id": 412003}, {"ChampionId": 412, "Num": 4, "DisplayName": "SSW Thresh", "Id": 412004}], "DisplayName": "Thresh", "Id": 412, "Name": "Thresh"}, {"Skins": [{"ChampionId": 18, "Num": 0, "DisplayName": "default", "Id": 18000}, {"ChampionId": 18, "Num": 1, "DisplayName": "Riot Girl Tristana", "Id": 18001}, {"ChampionId": 18, "Num": 2, "DisplayName": "Earnest Elf Tristana", "Id": 18002}, {"ChampionId": 18, "Num": 3, "DisplayName": "Firefighter Tristana", "Id": 18003}, {"ChampionId": 18, "Num": 4, "DisplayName": "Guerilla Tristana", "Id": 18004}, {"ChampionId": 18, "Num": 5, "DisplayName": "Buccaneer Tristana", "Id": 18005}, {"ChampionId": 18, "Num": 6, "DisplayName": "Rocket Girl Tristana", "Id": 18006}, {"ChampionId": 18, "Num": 10, "DisplayName": "Dragon Trainer Tristana", "Id": 18010}], "DisplayName": "Tristana", "Id": 18, "Name": "Tristana"}, {"Skins": [{"ChampionId": 48, "Num": 0, "DisplayName": "default", "Id": 48000}, {"ChampionId": 48, "Num": 1, "DisplayName": "Lil' Slugger Trundle", "Id": 48001}, {"ChampionId": 48, "Num": 2, "DisplayName": "Junkyard Trundle", "Id": 48002}, {"ChampionId": 48, "Num": 3, "DisplayName": "Traditional Trundle", "Id": 48003}, {"ChampionId": 48, "Num": 4, "DisplayName": "Constable Trundle", "Id": 48004}], "DisplayName": "Trundle", "Id": 48, "Name": "Trundle"}, {"Skins": [{"ChampionId": 23, "Num": 0, "DisplayName": "default", "Id": 23000}, {"ChampionId": 23, "Num": 1, "DisplayName": "Highland Tryndamere", "Id": 23001}, {"ChampionId": 23, "Num": 2, "DisplayName": "King Tryndamere", "Id": 23002}, {"ChampionId": 23, "Num": 3, "DisplayName": "Viking Tryndamere", "Id": 23003}, {"ChampionId": 23, "Num": 4, "DisplayName": "Demonblade Tryndamere", "Id": 23004}, {"ChampionId": 23, "Num": 5, "DisplayName": "Sultan Tryndamere", "Id": 23005}, {"ChampionId": 23, "Num": 6, "DisplayName": "Warring Kingdoms Tryndamere", "Id": 23006}, {"ChampionId": 23, "Num": 7, "DisplayName": "Nightmare Tryndamere", "Id": 23007}, {"ChampionId": 23, "Num": 8, "DisplayName": "Beast Hunter Tryndamere", "Id": 23008}], "DisplayName": "Tryndamere", "Id": 23, "Name": "Tryndamere"}, {"Skins": [{"ChampionId": 4, "Num": 0, "DisplayName": "default", "Id": 4000}, {"ChampionId": 4, "Num": 1, "DisplayName": "PAX Twisted Fate", "Id": 4001}, {"ChampionId": 4, "Num": 2, "DisplayName": "Jack of Hearts Twisted Fate", "Id": 4002}, {"ChampionId": 4, "Num": 3, "DisplayName": "The Magnificent Twisted Fate", "Id": 4003}, {"ChampionId": 4, "Num": 4, "DisplayName": "Tango Twisted Fate", "Id": 4004}, {"ChampionId": 4, "Num": 5, "DisplayName": "High Noon Twisted Fate", "Id": 4005}, {"ChampionId": 4, "Num": 6, "DisplayName": "Musketeer Twisted Fate", "Id": 4006}, {"ChampionId": 4, "Num": 7, "DisplayName": "Underworld Twisted Fate", "Id": 4007}, {"ChampionId": 4, "Num": 8, "DisplayName": "Red Card Twisted Fate", "Id": 4008}, {"ChampionId": 4, "Num": 9, "DisplayName": "Cutpurse Twisted Fate", "Id": 4009}], "DisplayName": "Twisted Fate", "Id": 4, "Name": "TwistedFate"}, {"Skins": [{"ChampionId": 29, "Num": 0, "DisplayName": "default", "Id": 29000}, {"ChampionId": 29, "Num": 1, "DisplayName": "Kingpin Twitch", "Id": 29001}, {"ChampionId": 29, "Num": 2, "DisplayName": "Whistler Village Twitch", "Id": 29002}, {"ChampionId": 29, "Num": 3, "DisplayName": "Medieval Twitch", "Id": 29003}, {"ChampionId": 29, "Num": 4, "DisplayName": "Gangster Twitch", "Id": 29004}, {"ChampionId": 29, "Num": 5, "DisplayName": "Vandal Twitch", "Id": 29005}, {"ChampionId": 29, "Num": 6, "DisplayName": "Pickpocket Twitch", "Id": 29006}, {"ChampionId": 29, "Num": 7, "DisplayName": "SSW Twitch", "Id": 29007}], "DisplayName": "Twitch", "Id": 29, "Name": "Twitch"}, {"Skins": [{"ChampionId": 77, "Num": 0, "DisplayName": "default", "Id": 77000}, {"ChampionId": 77, "Num": 1, "DisplayName": "Black Belt Udyr", "Id": 77001}, {"ChampionId": 77, "Num": 2, "DisplayName": "Primal Udyr", "Id": 77002}, {"ChampionId": 77, "Num": 3, "DisplayName": "Spirit Guard Udyr", "Id": 77003}, {"ChampionId": 77, "Num": 4, "DisplayName": "Definitely Not Udyr", "Id": 77004}], "DisplayName": "Udyr", "Id": 77, "Name": "Udyr"}, {"Skins": [{"ChampionId": 6, "Num": 0, "DisplayName": "default", "Id": 6000}, {"ChampionId": 6, "Num": 1, "DisplayName": "Giant Enemy Crabgot", "Id": 6001}, {"ChampionId": 6, "Num": 2, "DisplayName": "Butcher Urgot", "Id": 6002}, {"ChampionId": 6, "Num": 3, "DisplayName": "Battlecast Urgot", "Id": 6003}], "DisplayName": "Urgot", "Id": 6, "Name": "Urgot"}, {"Skins": [{"ChampionId": 110, "Num": 0, "DisplayName": "default", "Id": 110000}, {"ChampionId": 110, "Num": 1, "DisplayName": "Blight Crystal Varus", "Id": 110001}, {"ChampionId": 110, "Num": 2, "DisplayName": "Arclight Varus", "Id": 110002}, {"ChampionId": 110, "Num": 3, "DisplayName": "Arctic Ops Varus", "Id": 110003}, {"ChampionId": 110, "Num": 4, "DisplayName": "Heartseeker Varus", "Id": 110004}, {"ChampionId": 110, "Num": 5, "DisplayName": "Varus Swiftbolt", "Id": 110005}], "DisplayName": "Varus", "Id": 110, "Name": "Varus"}, {"Skins": [{"ChampionId": 67, "Num": 0, "DisplayName": "default", "Id": 67000}, {"ChampionId": 67, "Num": 1, "DisplayName": "Vindicator Vayne", "Id": 67001}, {"ChampionId": 67, "Num": 2, "DisplayName": "Aristocrat Vayne", "Id": 67002}, {"ChampionId": 67, "Num": 3, "DisplayName": "Dragonslayer Vayne", "Id": 67003}, {"ChampionId": 67, "Num": 4, "DisplayName": "Heartseeker Vayne", "Id": 67004}, {"ChampionId": 67, "Num": 5, "DisplayName": "SKT T1 Vayne", "Id": 67005}, {"ChampionId": 67, "Num": 6, "DisplayName": "Arclight Vayne", "Id": 67006}], "DisplayName": "Vayne", "Id": 67, "Name": "Vayne"}, {"Skins": [{"ChampionId": 45, "Num": 0, "DisplayName": "default", "Id": 45000}, {"ChampionId": 45, "Num": 1, "DisplayName": "White Mage Veigar", "Id": 45001}, {"ChampionId": 45, "Num": 2, "DisplayName": "Curling Veigar", "Id": 45002}, {"ChampionId": 45, "Num": 3, "DisplayName": "Veigar Greybeard", "Id": 45003}, {"ChampionId": 45, "Num": 4, "DisplayName": "Leprechaun Veigar", "Id": 45004}, {"ChampionId": 45, "Num": 5, "DisplayName": "Baron Von Veigar", "Id": 45005}, {"ChampionId": 45, "Num": 6, "DisplayName": "Superb Villain Veigar", "Id": 45006}, {"ChampionId": 45, "Num": 7, "DisplayName": "Bad Santa Veigar", "Id": 45007}, {"ChampionId": 45, "Num": 8, "DisplayName": "Final Boss Veigar", "Id": 45008}], "DisplayName": "Veigar", "Id": 45, "Name": "Veigar"}, {"Skins": [{"ChampionId": 161, "Num": 0, "DisplayName": "default", "Id": 161000}, {"ChampionId": 161, "Num": 1, "DisplayName": "Battlecast Vel'Koz", "Id": 161001}, {"ChampionId": 161, "Num": 2, "DisplayName": "Arclight Vel'Koz", "Id": 161002}, {"ChampionId": 161, "Num": 3, "DisplayName": "Definitely Not Vel'Koz", "Id": 161003}], "DisplayName": "Vel'Koz", "Id": 161, "Name": "Velkoz"}, {"Skins": [{"ChampionId": 254, "Num": 0, "DisplayName": "default", "Id": 254000}, {"ChampionId": 254, "Num": 1, "DisplayName": "Neon Strike Vi", "Id": 254001}, {"ChampionId": 254, "Num": 2, "DisplayName": "Officer Vi", "Id": 254002}, {"ChampionId": 254, "Num": 3, "DisplayName": "Debonair Vi", "Id": 254003}, {"ChampionId": 254, "Num": 4, "DisplayName": "Demon Vi", "Id": 254004}], "DisplayName": "Vi", "Id": 254, "Name": "Vi"}, {"Skins": [{"ChampionId": 112, "Num": 0, "DisplayName": "default", "Id": 112000}, {"ChampionId": 112, "Num": 1, "DisplayName": "Full Machine Viktor", "Id": 112001}, {"ChampionId": 112, "Num": 2, "DisplayName": "Prototype Viktor", "Id": 112002}, {"ChampionId": 112, "Num": 3, "DisplayName": "Creator Viktor", "Id": 112003}], "DisplayName": "Viktor", "Id": 112, "Name": "Viktor"}, {"Skins": [{"ChampionId": 8, "Num": 0, "DisplayName": "default", "Id": 8000}, {"ChampionId": 8, "Num": 1, "DisplayName": "Count Vladimir", "Id": 8001}, {"ChampionId": 8, "Num": 2, "DisplayName": "Marquis Vladimir", "Id": 8002}, {"ChampionId": 8, "Num": 3, "DisplayName": "Nosferatu Vladimir", "Id": 8003}, {"ChampionId": 8, "Num": 4, "DisplayName": "Vandal Vladimir", "Id": 8004}, {"ChampionId": 8, "Num": 5, "DisplayName": "Blood Lord Vladimir", "Id": 8005}, {"ChampionId": 8, "Num": 6, "DisplayName": "Soulstealer Vladimir", "Id": 8006}, {"ChampionId": 8, "Num": 7, "DisplayName": "Academy Vladimir", "Id": 8007}], "DisplayName": "Vladimir", "Id": 8, "Name": "Vladimir"}, {"Skins": [{"ChampionId": 106, "Num": 0, "DisplayName": "default", "Id": 106000}, {"ChampionId": 106, "Num": 1, "DisplayName": "Thunder Lord Volibear", "Id": 106001}, {"ChampionId": 106, "Num": 2, "DisplayName": "Northern Storm Volibear", "Id": 106002}, {"ChampionId": 106, "Num": 3, "DisplayName": "Runeguard Volibear", "Id": 106003}, {"ChampionId": 106, "Num": 4, "DisplayName": "Captain Volibear", "Id": 106004}], "DisplayName": "Volibear", "Id": 106, "Name": "Volibear"}, {"Skins": [{"ChampionId": 19, "Num": 0, "DisplayName": "default", "Id": 19000}, {"ChampionId": 19, "Num": 1, "DisplayName": "Grey Warwick", "Id": 19001}, {"ChampionId": 19, "Num": 2, "DisplayName": "Urf the Manatee", "Id": 19002}, {"ChampionId": 19, "Num": 3, "DisplayName": "Big Bad Warwick", "Id": 19003}, {"ChampionId": 19, "Num": 4, "DisplayName": "Tundra Hunter Warwick", "Id": 19004}, {"ChampionId": 19, "Num": 5, "DisplayName": "Feral Warwick", "Id": 19005}, {"ChampionId": 19, "Num": 6, "DisplayName": "Firefang Warwick", "Id": 19006}, {"ChampionId": 19, "Num": 7, "DisplayName": "Hyena Warwick", "Id": 19007}, {"ChampionId": 19, "Num": 8, "DisplayName": "Marauder Warwick", "Id": 19008}], "DisplayName": "Warwick", "Id": 19, "Name": "Warwick"}, {"Skins": [{"ChampionId": 101, "Num": 0, "DisplayName": "default", "Id": 101000}, {"ChampionId": 101, "Num": 1, "DisplayName": "Runeborn Xerath", "Id": 101001}, {"ChampionId": 101, "Num": 2, "DisplayName": "Battlecast Xerath", "Id": 101002}, {"ChampionId": 101, "Num": 3, "DisplayName": "Scorched Earth Xerath", "Id": 101003}, {"ChampionId": 101, "Num": 4, "DisplayName": "Guardian of the Sands Xerath", "Id": 101004}], "DisplayName": "Xerath", "Id": 101, "Name": "Xerath"}, {"Skins": [{"ChampionId": 5, "Num": 0, "DisplayName": "default", "Id": 5000}, {"ChampionId": 5, "Num": 1, "DisplayName": "Commando Xin Zhao", "Id": 5001}, {"ChampionId": 5, "Num": 2, "DisplayName": "Imperial Xin Zhao", "Id": 5002}, {"ChampionId": 5, "Num": 3, "DisplayName": "Viscero Xin Zhao", "Id": 5003}, {"ChampionId": 5, "Num": 4, "DisplayName": "Winged Hussar Xin Zhao", "Id": 5004}, {"ChampionId": 5, "Num": 5, "DisplayName": "Warring Kingdoms Xin Zhao", "Id": 5005}, {"ChampionId": 5, "Num": 6, "DisplayName": "Secret Agent Xin Zhao", "Id": 5006}], "DisplayName": "Xin Zhao", "Id": 5, "Name": "XinZhao"}, {"Skins": [{"ChampionId": 157, "Num": 0, "DisplayName": "default", "Id": 157000}, {"ChampionId": 157, "Num": 1, "DisplayName": "High Noon Yasuo", "Id": 157001}, {"ChampionId": 157, "Num": 2, "DisplayName": "PROJECT: Yasuo", "Id": 157002}, {"ChampionId": 157, "Num": 3, "DisplayName": "Blood Moon Yasuo", "Id": 157003}], "DisplayName": "Yasuo", "Id": 157, "Name": "Yasuo"}, {"Skins": [{"ChampionId": 83, "Num": 0, "DisplayName": "default", "Id": 83000}, {"ChampionId": 83, "Num": 1, "DisplayName": "Undertaker Yorick", "Id": 83001}, {"ChampionId": 83, "Num": 2, "DisplayName": "Pentakill Yorick", "Id": 83002}], "DisplayName": "Yorick", "Id": 83, "Name": "Yorick"}, {"Skins": [{"ChampionId": 154, "Num": 0, "DisplayName": "default", "Id": 154000}, {"ChampionId": 154, "Num": 1, "DisplayName": "Special Weapon Zac", "Id": 154001}, {"ChampionId": 154, "Num": 2, "DisplayName": "Pool Party Zac", "Id": 154002}], "DisplayName": "Zac", "Id": 154, "Name": "Zac"}, {"Skins": [{"ChampionId": 238, "Num": 0, "DisplayName": "default", "Id": 238000}, {"ChampionId": 238, "Num": 1, "DisplayName": "Shockblade Zed", "Id": 238001}, {"ChampionId": 238, "Num": 2, "DisplayName": "SKT T1 Zed", "Id": 238002}, {"ChampionId": 238, "Num": 3, "DisplayName": "PROJECT: Zed", "Id": 238003}], "DisplayName": "Zed", "Id": 238, "Name": "Zed"}, {"Skins": [{"ChampionId": 115, "Num": 0, "DisplayName": "default", "Id": 115000}, {"ChampionId": 115, "Num": 1, "DisplayName": "Mad Scientist Ziggs", "Id": 115001}, {"ChampionId": 115, "Num": 2, "DisplayName": "Major Ziggs", "Id": 115002}, {"ChampionId": 115, "Num": 3, "DisplayName": "Pool Party Ziggs", "Id": 115003}, {"ChampionId": 115, "Num": 4, "DisplayName": "Snow Day Ziggs", "Id": 115004}, {"ChampionId": 115, "Num": 5, "DisplayName": "Master Arcanist Ziggs", "Id": 115005}], "DisplayName": "Ziggs", "Id": 115, "Name": "Ziggs"}, {"Skins": [{"ChampionId": 26, "Num": 0, "DisplayName": "default", "Id": 26000}, {"ChampionId": 26, "Num": 1, "DisplayName": "Old Saint Zilean", "Id": 26001}, {"ChampionId": 26, "Num": 2, "DisplayName": "Groovy Zilean", "Id": 26002}, {"ChampionId": 26, "Num": 3, "DisplayName": "Shurima Desert Zilean", "Id": 26003}, {"ChampionId": 26, "Num": 4, "DisplayName": "Time Machine Zilean", "Id": 26004}, {"ChampionId": 26, "Num": 5, "DisplayName": "Blood Moon Zilean", "Id": 26005}], "DisplayName": "Zilean", "Id": 26, "Name": "Zilean"}, {"Skins": [{"ChampionId": 143, "Num": 0, "DisplayName": "default", "Id": 143000}, {"ChampionId": 143, "Num": 1, "DisplayName": "Wildfire Zyra", "Id": 143001}, {"ChampionId": 143, "Num": 2, "DisplayName": "Haunted Zyra", "Id": 143002}, {"ChampionId": 143, "Num": 3, "DisplayName": "SKT T1 Zyra", "Id": 143003}], "DisplayName": "Zyra", "Id": 143, "Name": "Zyra"}]